DFS ID,Name,Pos,Team,Opp,Status,Salary,Actual,SS Proj,Live Proj,My Proj,Value,My Own,Adj Own,Min Exp,Max Exp,Saber Team,Saber Total,dk_points,dk_25_percentile,dk_50_percentile,dk_75_percentile,dk_85_percentile,dk_95_percentile,dk_99_percentile,fd_points,fd_25_percentile,fd_50_percentile,fd_75_percentile,fd_85_percentile,fd_95_percentile,fd_99_percentile,yahoo_points,yahoo_25_percentile,yahoo_50_percentile,yahoo_75_percentile,yahoo_85_percentile,yahoo_95_percentile,yahoo_99_percentile,ob_points,ob_25_percentile,ob_50_percentile,ob_75_percentile,ob_85_percentile,ob_95_percentile,ob_99_percentile,dk_std,fd_std,yahoo_std,ob_std,Ldr Pos,Score,Top 20,Top 10,Top 5,Win%,Make Cut %,Tee Time,Eagles,Birdies,Bogeys,Pars,Dbl Bogeys,Birdie Streaks,Bogey Free Rounds
43650474,Scottie Scheffler,G,Golf,GOLF,,14900,0,112.97,113.658,112.97,7.581879194630873,24.86,18.044050609447893,0,100,,,112.971,96.5,116.5,136,145.5,156.5,167,121.557,103.4,125.6,146.7,157.4,168.6,180.3,108.29,92.6,110.2,129.6,141.7,153.8,165.7,,,,,,,,31.88,34.96,31.67,,,,0.802462,0.675538,0.532923,22.7%,0.925077,2026-07-23T07:29:00,0.812,21.994,5.46031,40.4171,0.539692,1.29231,0.728
43650475,Maverick McNealy,G,Golf,GOLF,,9900,0,81.38,82.7782,81.38,8.22020202020202,22.38,20.43559021637694,0,100,,,81.3761,63.5,86.5,103,114.5,131.5,149.5,86.592,63.8,92.2,111.12,124,142.6,161.8,77.3961,58.57,82.2,100.4,109.6,124.41,146.1,,,,,,,,33.08,36.92,32.81,,,,0.426154,0.267077,0.158,3.4%,0.758923,2026-07-23T12:44:00,0.436308,17.1686,6.10385,38.868,0.642769,0.787846,0.434154
43650476,Kurt Kitayama,G,Golf,GOLF,,9800,0,80.78,79.2934,80.78,8.242857142857144,28.86,27.573986336284648,0,100,,,80.7769,59.5,86,102.5,113.5,131,149.5,85.9596,57.48,92,110.02,123,141.9,161.2,76.8323,52.8,81.8,99.7,108.8,124,146.1,,,,,,,,32.89,36.69,32.67,,,,0.410615,0.256154,0.153231,3.3%,0.752154,2026-07-23T12:33:00,0.454,17.0395,6.09108,38.7357,0.656462,0.758615,0.432923
43650477,Hideki Matsuyama,G,Golf,GOLF,,9700,0,79.6,81.9456,79.6,8.206185567010309,16.36,17.74874449200071,0,100,,,79.5964,47.88,85,100.5,111,127.5,146.5,84.6534,50.83,90.6,108.4,120.4,138.4,158.3,75.5504,41.77,81.1,97.4,106.71,120.8,142.4,,,,,,,,32.12,35.79,31.83,,,,0.387231,0.234308,0.135231,2.6%,0.749846,2026-07-23T07:29:00,0.427692,16.8894,6.18338,38.7358,0.649077,0.786,0.416308
43650480,Tom Kim,G,Golf,GOLF,,9300,0,79,72.4321,79,8.49462365591398,27.92,34.47221826033295,0,100,,,79.0044,40.5,85,100,111,127,147.01,83.9824,44.1,90.6,108.1,120,137.4,158.9,75.0492,36.7,80.9,97.72,106.6,120.1,144,,,,,,,,32.37,36.06,32.04,,,,0.390462,0.229077,0.133385,2.3%,0.740462,2026-07-23T12:55:00,0.432154,16.7705,6.17431,38.5314,0.644308,0.766615,0.410462
43650478,Keith Mitchell,G,Golf,GOLF,,9500,0,76.37,75.7253,76.37,8.038947368421054,9.79,10.752161411471713,0,100,,,76.3654,38,82,97,107.07,126,147,80.9628,40,87.6,104.6,115.7,136,158.1,72.3862,34.7,78.5,94.3,104.1,118.4,142.8,,,,,,,,32.08,35.71,31.83,,,,0.344615,0.199692,0.111385,2.1%,0.720769,2026-07-23T07:51:00,0.418154,16.2938,6.20877,38.2454,0.684154,0.720769,0.381077
43650481,Jackson Koivun,G,Golf,GOLF,,9200,0,75.92,74.6036,75.92,8.25217391304348,14.61,16.917456168022913,0,100,,,75.9217,37.5,82.5,97.5,107,125.5,144,80.4795,39,87.5,104.72,115.3,135.11,156.2,71.9202,34.1,77.95,94.3,104.2,118.2,141.1,,,,,,,,32.2,35.85,31.98,,,,0.335385,0.199692,0.111231,2%,0.712462,2026-07-23T12:33:00,0.416615,16.2045,6.20692,38.0377,0.686154,0.712308,0.382308
43650486,Corey Conners,G,Golf,GOLF,,8700,0,75.23,74.3049,75.23,8.647126436781608,18.05,21.382255487373467,0,100,,,75.2304,37.5,81.5,96,105.5,123,142.5,79.7177,39.3,86.4,103.5,113.4,133.2,153.6,71.2539,34.2,77.5,92.9,102.5,116.31,138.01,,,,,,,,31.37,35.01,31.22,,,,0.321846,0.18,0.0967692,1.6%,0.72,2026-07-23T07:18:00,0.403538,16.1245,6.28585,38.3143,0.679385,0.694462,0.375385
43650483,Doug Ghim,G,Golf,GOLF,,9000,0,74.47,70.5153,74.47,8.274444444444443,12.58,14.34942127779291,0,100,,,74.4713,36.5,81,96.5,105.5,123,142.5,78.7662,37.8,85.7,103.5,113.2,133.4,154.2,70.4807,33,77.35,93.2,102.8,116.31,138.7,,,,,,,,32.01,35.72,31.96,,,,0.327077,0.180923,0.0983077,1.7%,0.704,2026-07-23T13:06:00,0.407385,15.9072,6.22908,38.0095,0.689077,0.686615,0.373846
43650492,Mac Meissner,G,Golf,GOLF,,8100,0,74,74.7292,74,9.135802469135804,15.93,18.628077121871097,0,100,,,73.9998,36.5,80.5,95,103.5,121.5,140.5,78.3283,38.5,85.7,101.9,111.3,131.7,150.6,70.0234,33.57,76.8,91.3,100.6,114.6,135.5,,,,,,,,31.06,34.68,30.93,,,,0.298462,0.162462,0.0852308,1.2%,0.708154,2026-07-23T07:07:00,0.407077,15.8998,6.32262,38.0757,0.681231,0.689077,0.357385
43650490,Jordan L. Smith,G,Golf,GOLF,,8300,0,73.01,72.2474,73.01,8.796385542168675,12.75,14.632636379578104,0,100,,,73.0148,35.5,79.5,95.5,104.5,123,141.51,77.1735,36.88,84.4,102.9,112.9,133.5,154.6,69.0158,32.3,75.8,92.2,102.2,116.31,139.7,,,,,,,,32.32,36.12,32.22,,,,0.309692,0.176154,0.0929231,1.6%,0.681538,2026-07-23T06:56:00,0.406462,15.6475,6.26246,37.4246,0.683077,0.670769,0.353385
43650488,Sungjae Im,G,Golf,GOLF,,8500,0,72.53,68.7201,72.53,8.532941176470588,9.94,10.969597495077092,0,100,,,72.5264,36,79.5,94.5,103,122,140,76.6538,37.27,83.8,101.5,111,131.7,151.3,68.4707,32.9,75.6,90.6,100.32,115,135.11,,,,,,,,31.59,35.28,31.45,,,,0.288769,0.158154,0.0863077,1.3%,0.681692,2026-07-23T07:29:00,0.390462,15.6242,6.30262,37.428,0.684308,0.676769,0.342308
43650479,Jake Knapp,G,Golf,GOLF,,9400,0,72.12,77.3944,72.12,7.672340425531915,6.11,6.34632583167152,0,100,,,72.1164,35,79,94.5,104,124,144,76.2047,36.3,83.7,101.52,112.1,133.61,155,68.103,31.8,75.6,90.8,101.1,116.3,140.4,,,,,,,,32.5,36.2,32.34,,,,0.296462,0.166154,0.0912308,1.8%,0.665385,2026-07-23T07:18:00,0.394308,15.4422,6.18923,37.1445,0.666615,0.665692,0.346154
43650482,Pierceson Coody,G,Golf,GOLF,,9100,0,71.89,72.4501,71.89,7.9,5.47,5.593811108805035,0,100,,,71.8919,35.5,78.5,93.5,102,121.5,140.01,75.9015,36.7,83.35,100.1,109.9,131.61,151.4,67.8056,32.3,75.1,89.6,99.2,115.2,135,,,,,,,,31.54,35.21,31.41,,,,0.276154,0.150462,0.0855385,1.3%,0.678,2026-07-23T12:11:00,0.386615,15.5237,6.31523,37.3729,0.699692,0.650923,0.327692
43650493,Benjamin James,G,Golf,GOLF,,8000,0,71.8,70.884,71.8,8.975,15.95,18.822220922911484,0,100,,,71.8038,35,79,93.5,102.5,120.5,141,75.8835,36.8,83.4,100.7,110.5,130.2,151.7,67.821,32.3,75.5,90.02,99.7,113.3,136.8,,,,,,,,31.59,35.21,31.42,,,,0.281231,0.152154,0.0806154,1.3%,0.673385,2026-07-23T08:24:00,0.388462,15.4614,6.27677,37.3335,0.672,0.653846,0.333692
43650487,Max Homa,G,Golf,GOLF,,8600,0,71.7,69.5056,71.7,8.337209302325581,7.94,8.519148818872292,0,100,,,71.7018,35.5,78.5,93,102,120,140.5,75.6908,36.9,82.9,99.9,109.7,130.01,151.4,67.6596,32.77,75,89.1,99.2,113.4,134.81,,,,,,,,31.26,34.77,31.08,,,,0.268615,0.145846,0.08,1.2%,0.680615,2026-07-23T07:18:00,0.383385,15.4634,6.33938,37.5203,0.686615,0.665231,0.338
43650489,Sam Stevens,G,Golf,GOLF,,8400,0,71.56,67.0356,71.56,8.519047619047619,8.45,9.15848258545564,0,100,,,71.5592,35,78,93.5,102.5,121,141.51,75.4801,36,82.4,100.6,111.11,130.7,153.9,67.5434,31.9,74.4,90.1,100.03,114.6,138.8,,,,,,,,31.74,35.47,31.64,,,,0.283231,0.157077,0.0827692,1.5%,0.672769,2026-07-23T12:00:00,0.382308,15.3697,6.26631,37.4052,0.693692,0.662308,0.343846
43650495,Christiaan Bezuidenhout,G,Golf,GOLF,,7900,0,71.54,70.3412,71.54,9.055696202531646,14.49,16.79711038718314,0,100,,,71.5431,35,78,92.5,100.5,120,139.51,75.4731,36.8,82.8,99.6,108.7,129.2,151,67.5294,32.4,74.9,88.4,97.9,112.7,134.5,,,,,,,,30.92,34.42,30.7,,,,0.264923,0.139846,0.0716923,1.3%,0.687077,2026-07-23T12:22:00,0.383846,15.4297,6.33908,37.7705,0.707846,0.646308,0.332923
43650484,Jackson Suber,G,Golf,GOLF,,8900,0,70.81,65.0622,70.81,7.9561797752809,6.21,6.474235144424425,0,100,,,70.814,34.5,78,93.5,102,120,141.01,74.7192,35.8,82.2,100.2,109.7,130.41,152,66.8,31.8,74.3,89.3,99.2,113.9,138,,,,,,,,31.74,35.49,31.74,,,,0.269077,0.150462,0.0815385,1.4%,0.660308,2026-07-23T13:39:00,0.382923,15.2722,6.27831,37.0282,0.695077,0.648,0.337846
43650516,Ben Kohles,G,Golf,GOLF,,7300,0,70.65,69.4014,70.65,9.678082191780824,22.39,27.651025599127287,0,100,,,70.6463,34.5,78,93,101,119,139.5,74.5385,35.9,82.2,100.43,109.5,129,150.6,66.6908,31.7,74.3,89,98.6,113.1,135.4,,,,,,,,31.61,35.3,31.54,,,,0.275077,0.144615,0.0746154,1.2%,0.665077,2026-07-23T12:00:00,0.373077,15.2663,6.31369,37.1866,0.696615,0.625692,0.334769
43650511,Casey Jarvis,G,Golf,GOLF,,7300,0,70.18,72.5786,70.18,9.613698630136986,20.73,25.51759824516579,0,100,,,70.1773,34,77,92.5,101.5,119,138.01,73.9428,35.5,81.2,99.4,109,128.7,150.2,66.1922,31.2,73.4,89.2,98,112.9,134.2,,,,,,,,31.62,35.21,31.56,,,,0.272462,0.139692,0.0764615,1.2%,0.657692,2026-07-23T12:55:00,0.391385,15.1003,6.33523,37.0637,0.679385,0.626769,0.325846
43650499,Rasmus Neergaard-Petersen,G,Golf,GOLF,,7700,0,69.51,69.7373,69.51,9.027272727272727,9.25,10.130666781401667,0,100,,,69.5105,34.5,76.5,92,100,119,138,73.2318,35.6,80.6,98.3,107.6,128.51,149.2,65.4969,31.2,73.2,87.9,97.4,112.2,132.8,,,,,,,,31.3,34.91,31.29,,,,0.254,0.134769,0.0712308,1.2%,0.654462,2026-07-23T13:39:00,0.372462,15.0309,6.36246,36.9865,0.697538,0.614462,0.322769
43650497,Johnny Keefer,G,Golf,GOLF,,7800,0,69.48,67.4073,69.48,8.907692307692308,10.21,11.340829561818586,0,100,,,69.4775,34.5,76.5,92,100,119,140.5,73.2298,35.6,80.4,98.5,108.2,128.31,150.8,65.4181,31.2,73,87.8,97.2,112.5,135.9,,,,,,,,31.4,35,31.31,,,,0.251538,0.134462,0.0709231,1.2%,0.649538,2026-07-23T13:28:00,0.366,15.0498,6.30138,36.8472,0.702462,0.619538,0.314308
43650507,Brian Harman,G,Golf,GOLF,,7400,0,68.9,68.7937,68.9,9.310810810810812,14.21,16.450870175598446,0,100,,,68.9038,34.5,76,91.5,99.5,117,136.01,72.5552,35.4,80.45,98.1,107,126.7,146.4,64.8986,31.2,72.6,87.1,96.3,111.2,128.71,,,,,,,,30.95,34.52,30.84,,,,0.247231,0.127538,0.0649231,0.9%,0.647385,2026-07-23T07:40:00,0.359538,14.9442,6.32123,36.8748,0.701846,0.606923,0.308462
43650496,Michael Brennan,G,Golf,GOLF,,7800,0,68.75,64.6286,68.75,8.814102564102564,8.38,9.077916224673356,0,100,,,68.7535,34,75.5,91.5,100,118,135,72.3972,35.1,79.5,98.5,107.7,128,146,64.7336,31.1,72.2,87.3,97.4,112.1,128.7,,,,,,,,31.34,35.02,31.32,,,,0.246308,0.135231,0.0686154,0.9%,0.641538,2026-07-23T07:51:00,0.375231,14.8355,6.29292,36.7797,0.698769,0.608,0.321385
43650526,Max McGreevy,G,Golf,GOLF,,7100,0,68.52,66.6985,68.52,9.650704225352111,15.67,18.42419761312283,0,100,,,68.5219,34,75.5,91,99,116,137.5,72.178,35.1,79.4,97.8,106.7,125.91,147.61,64.5628,31.1,72.1,87,95.8,110.8,130.51,,,,,,,,30.93,34.5,30.89,,,,0.240462,0.126,0.0624615,1%,0.648154,2026-07-23T13:06:00,0.355538,14.848,6.33508,36.9795,0.703385,0.599538,0.322615
43650491,Tony Finau,G,Golf,GOLF,,8200,0,67.4,64.5385,67.4,8.219512195121952,3.6,3.4881061863332152,0,100,,,67.4008,33.5,74,90.5,99,116.52,138,70.9145,34.4,77.7,97.4,106.3,126.7,148.4,63.429,30.6,70.7,86.4,95.8,111,132.8,,,,,,,,31.35,34.99,31.35,,,,0.236154,0.127538,0.0656923,1.1%,0.626,2026-07-23T12:44:00,0.338,14.6312,6.32154,36.4505,0.690154,0.588769,0.304923
43650485,Gary Woodland,G,Golf,GOLF,,8800,0,67.21,68.6122,67.21,7.637499999999999,3.29,3.1393865284037568,0,100,,,67.2072,33,74.5,90.5,99.5,118,136.5,70.6728,34,77.8,96.9,106.5,127.1,147.3,63.2038,30,70.7,86.5,96.01,111.6,129.4,,,,,,,,31.53,35.19,31.57,,,,0.234308,0.126462,0.0650769,1.1%,0.621846,2026-07-23T12:44:00,0.349077,14.5728,6.28462,36.3542,0.708769,0.587538,0.314462
43650517,Michael Kim,G,Golf,GOLF,,7200,0,67.09,69.2199,67.09,9.318055555555556,9.87,10.968422623334225,0,100,,,67.0894,33,74,91,99,117,137,70.4852,34.2,77.5,97,106.2,126.2,148,62.9741,30.4,70.2,86.6,95.7,111,131.6,,,,,,,,31.5,35.11,31.52,,,,0.236,0.122769,0.0633846,1%,0.620615,2026-07-23T12:22:00,0.370769,14.5194,6.37215,36.2629,0.700923,0.600462,0.294154
43650502,William Mouw,G,Golf,GOLF,,7500,0,66.79,63.741,66.79,8.905333333333335,4.28,4.2408610390137405,0,100,,,66.7942,33.5,74.5,89,96,113,134.51,70.3081,34.6,78.1,95.12,103.2,122.31,145.8,62.9309,30.6,71.3,84.6,92.9,108.7,128.7,,,,,,,,30.22,33.79,30.25,,,,0.203385,0.0992308,0.0518462,0.9%,0.633077,2026-07-23T07:29:00,0.355538,14.5569,6.42523,36.6594,0.681692,0.554769,0.289077
43650498,Max Greyserman,G,Golf,GOLF,,7700,0,66.72,66.6613,66.72,8.664935064935065,4.89,4.931669841964931,0,100,,,66.7233,33,73.5,90.5,98.5,116,135.5,70.0331,34,77.1,96.7,105.7,125.4,146.4,62.7519,30,70.4,86.4,95.5,110.7,129.7,,,,,,,,31.35,34.96,31.36,,,,0.232462,0.122923,0.0624615,0.9%,0.616308,2026-07-23T06:45:00,0.363385,14.4451,6.29185,36.2791,0.691692,0.567077,0.291231
43650515,Emiliano Grillo,G,Golf,GOLF,,7300,0,66.59,62.5227,66.59,9.121917808219179,6.64,6.947922617398738,0,100,,,66.5921,33.5,74.5,88.5,95,112,135,69.9152,34.77,77.7,94.6,102.2,121,144.8,62.5588,31.1,70.7,84,91.4,107.5,127.5,,,,,,,,29.84,33.28,29.86,,,,0.188154,0.0918462,0.0467692,0.8%,0.632923,2026-07-23T08:02:00,0.349385,14.584,6.48415,36.5458,0.715692,0.574,0.280769
43650494,Sudarshan Yellamaraju,G,Golf,GOLF,,7900,0,65.99,65.2924,65.99,8.353164556962025,3.05,2.8906590609794223,0,100,,,65.9905,33.5,73.5,88.5,97,114,135.01,69.2791,34,76.25,95.12,104.3,123.5,144.7,61.9082,30.4,69.5,84.6,93.42,109.32,126.1,,,,,,,,30.72,34.28,30.72,,,,0.209692,0.109077,0.0556923,0.8%,0.612615,2026-07-23T07:07:00,0.349385,14.3715,6.37231,36.1351,0.715231,0.585692,0.283846
43650512,Beau Hossler,G,Golf,GOLF,,7300,0,65.71,64.0941,65.71,9.001369863013696,5.45,5.575836520135107,0,100,,,65.7104,33,72.5,88.5,97,115,135.5,68.8597,33.6,75.4,94.8,104.1,124.1,145.9,61.5554,30,68.9,84.2,93.4,109.6,127.81,,,,,,,,30.87,34.42,30.91,,,,0.207077,0.106,0.0547692,0.9%,0.610923,2026-07-23T08:13:00,0.363385,14.2657,6.404,36.1208,0.724769,0.576615,0.287538
43650509,Taylor Pendrith,G,Golf,GOLF,,7400,0,65.52,65.6936,65.52,8.854054054054053,3.57,3.4539584534165995,0,100,,,65.5191,33,72.5,88,95.5,112.5,133.5,68.7366,33.9,75.7,94.2,102.9,121.1,141.91,61.5243,30,69.1,83.5,92.1,108,125.1,,,,,,,,30.16,33.65,30.15,,,,0.196,0.0972308,0.0470769,0.7%,0.616615,2026-07-23T07:18:00,0.336308,14.2946,6.43031,36.33,0.699231,0.566308,0.286154
43650501,Davis Thompson,G,Golf,GOLF,,7600,0,65.13,68.581,65.13,8.569736842105263,3.28,3.1296879282008687,0,100,,,65.1257,32.5,72,88.5,97.5,115.5,133.5,68.3276,33.1,75.2,95.1,104.9,124.6,145.6,61.0607,29.58,68.3,84.5,94.1,109.6,127.6,,,,,,,,31.25,34.94,31.33,,,,0.214462,0.112769,0.0578462,0.8%,0.595846,2026-07-23T12:33:00,0.346462,14.1528,6.33446,35.8003,0.708308,0.56,0.281077
43650541,Zac Blair,G,Golf,GOLF,,6900,0,65.06,67.1398,65.06,9.428985507246377,8.21,8.856008578347728,0,100,,,65.0591,33,72,88.5,96,111.52,131.5,68.1587,33.3,74.9,94.4,103.4,121.4,143.2,61.1149,30,68.6,84,93.1,108.1,126,,,,,,,,30.54,34.09,30.67,,,,0.208769,0.0981538,0.0475385,0.8%,0.606615,2026-07-23T12:22:00,0.348462,14.146,6.40785,36.1325,0.689077,0.55,0.286
43650504,Steven Fisk,G,Golf,GOLF,,7500,0,64.95,63.534,64.95,8.66,2.58,2.3960104413271193,0,100,,,64.9452,33,72.5,88,96,112,130.5,68.0181,33.5,75.6,94,102.7,122.01,142.1,60.9326,30,68.6,83.7,92.3,107.9,123.8,,,,,,,,30.32,33.83,30.35,,,,0.194615,0.0987692,0.0486154,0.6%,0.604308,2026-07-23T07:40:00,0.344154,14.1471,6.41246,36.0488,0.696462,0.576154,0.280308
43650514,John Parry,G,Golf,GOLF,,7300,0,64.94,64.3716,64.94,8.895890410958904,3.79,3.7010686450930725,0,100,,,64.9389,33,72,87.5,95.5,111.5,133.01,68.101,33.5,75.4,93.9,102.82,120.7,143.2,60.8841,29.9,68.8,83.4,92.4,107.2,125.6,,,,,,,,30.43,33.91,30.41,,,,0.197692,0.0952308,0.0478462,0.7%,0.607231,2026-07-23T13:50:00,0.349538,14.1563,6.47262,36.0738,0.690308,0.565846,0.271385
43650508,Kevin Yu,G,Golf,GOLF,,7400,0,64.93,63.3294,64.93,8.774324324324326,3.69,3.5790300592475988,0,100,,,64.9311,33,71.5,88,96,113.5,133.51,68.0337,33.4,74.4,94.4,103.6,122.7,144.5,60.9263,30,68.3,84.02,93.2,108.41,127.1,,,,,,,,30.67,34.27,30.79,,,,0.202769,0.101846,0.0512308,0.8%,0.602,2026-07-23T12:44:00,0.361385,14.0888,6.38169,36.0291,0.699385,0.554308,0.275538
43650518,Mackenzie Hughes,G,Golf,GOLF,,7200,0,64.88,64.7036,64.88,9.011111111111111,4.5,4.481128466685496,0,100,,,64.8828,32.5,72,88,96.5,112.5,130,67.9572,33.3,75.6,94.4,103.2,122,141.4,60.877,29.9,68.5,84.1,93.1,108.3,124,,,,,,,,30.66,34.22,30.78,,,,0.203385,0.104308,0.05,0.6%,0.598923,2026-07-23T06:45:00,0.345231,14.1032,6.35138,35.952,0.697077,0.565846,0.285231
43650510,Ricky Castillo,G,Golf,GOLF,,7300,0,64.56,65.6437,64.56,8.843835616438357,4.12,4.058190111030805,0,100,,,64.5566,32.5,71,88.5,97,114.5,135,67.6275,32.7,73.9,94.8,103.9,123.5,145.9,60.5442,29.3,67.3,84.2,93.6,109.7,127.6,,,,,,,,31.28,34.95,31.35,,,,0.210154,0.108769,0.0552308,0.8%,0.591385,2026-07-23T12:33:00,0.338462,14.0177,6.30969,35.81,0.701692,0.556769,0.281077
43650531,Denny McCarthy,G,Golf,GOLF,,7100,0,64.43,68.0805,64.43,9.074647887323945,4.07,4.003351134241097,0,100,,,64.4326,32.5,71.5,87.5,96,112,129,67.4889,33.2,74.6,93.7,102.6,120.6,140.3,60.4202,29.5,67.75,83.4,91.9,107.5,123.2,,,,,,,,30.26,33.73,30.29,,,,0.196308,0.0947692,0.0455385,0.5%,0.6,2026-07-23T08:13:00,0.346,13.9985,6.35631,36.0785,0.705846,0.558308,0.285231
43650530,Zachary Bauchou,G,Golf,GOLF,,7100,0,64.2,66.6988,64.2,9.042253521126762,4.09,4.031282643446854,0,100,,,64.2033,32.5,71.5,87.5,96,111.5,132.01,67.2877,32.7,74.3,93.93,103,120.81,143.2,60.2278,29.3,67.7,83.6,92.61,108.4,125.8,,,,,,,,30.59,34.26,30.82,,,,0.203538,0.0995385,0.0473846,0.7%,0.593846,2026-07-23T08:35:00,0.342,13.9663,6.37662,35.878,0.694,0.544154,0.280462
43650521,Rico Hoey,G,Golf,GOLF,,7200,0,63.95,63.0805,63.95,8.881944444444445,3.16,2.995529977654703,0,100,,,63.9472,32,71,87.5,95.5,112.5,130.5,66.9114,32.6,73.8,93.3,103,121.4,140.3,59.8176,29.3,67.1,83.4,92,107.81,122.2,,,,,,,,30.61,34.15,30.68,,,,0.193846,0.0970769,0.0473846,0.5%,0.587385,2026-07-23T07:07:00,0.350923,13.9271,6.422,35.6215,0.707538,0.558154,0.268615
43650505,Aldrich Potgieter,G,Golf,GOLF,,7400,0,63.89,60.1861,63.89,8.633783783783784,3.22,3.0670972939061643,0,100,,,63.8881,32.5,70.5,87.5,96.5,114,133.51,66.9086,32.6,73.6,93.8,103.7,122.7,143.6,59.8033,29.3,66.75,83.4,93.1,108.61,127,,,,,,,,31.13,34.71,31.17,,,,0.199692,0.104769,0.0533846,0.7%,0.578769,2026-07-23T12:44:00,0.337231,13.9135,6.32754,35.4354,0.704923,0.548769,0.272462
43650529,Matti Schmid,G,Golf,GOLF,,7100,0,63.88,63.8846,63.88,8.99718309859155,3.74,3.6388833208439677,0,100,,,63.8821,33,71.5,86,93.5,110.5,132.51,66.8834,33.5,74,91.8,100.5,119,142.8,59.8294,29.9,67.4,81.7,89.6,106,124.3,,,,,,,,29.71,33.17,29.76,,,,0.169538,0.0841538,0.0436923,0.6%,0.598769,2026-07-23T12:11:00,0.336923,13.952,6.43754,36.0082,0.700308,0.551692,0.268462
43650506,Stephan Jaeger,G,Golf,GOLF,,7400,0,63.68,64.492,63.68,8.605405405405405,2.92,2.752068574811007,0,100,,,63.6763,32.5,71,86.5,94,111.5,129.51,66.5625,33.1,73.2,92.3,101.1,120.4,140.2,59.5778,29.4,67.1,82.3,90.71,107.2,122.6,,,,,,,,30.05,33.51,30.11,,,,0.175692,0.0872308,0.0436923,0.6%,0.590462,2026-07-23T07:40:00,0.355385,13.8814,6.43092,35.7586,0.72,0.539231,0.26
43650527,Lucas Glover,G,Golf,GOLF,,7100,0,63.65,61.1505,63.65,8.964788732394366,3.02,2.8519800497474663,0,100,,,63.6498,32.5,71,87,94.5,111,129,66.6547,33,73.1,92.7,101.5,120.5,139.1,59.5196,29.3,67.1,82.2,90.5,107.2,121.5,,,,,,,,30.09,33.58,30.05,,,,0.176462,0.088,0.0436923,0.5%,0.589231,2026-07-23T07:40:00,0.325385,13.964,6.40892,35.6737,0.723692,0.55,0.260615
43650520,Lee Hodges,G,Golf,GOLF,,7200,0,63.45,64.4436,63.45,8.8125,3.21,3.061725094824327,0,100,,,63.4522,32,70,86.5,95,112.5,132,66.4356,32.7,72.5,92.8,101.9,120.8,142.9,59.4327,28.9,66.2,82.8,91.6,107.81,125.7,,,,,,,,30.53,34.09,30.64,,,,0.188923,0.0927692,0.0452308,0.6%,0.582462,2026-07-23T06:45:00,0.326769,13.8349,6.33985,35.648,0.701231,0.537846,0.274615
43650535,Andrew Putnam,G,Golf,GOLF,,7000,0,63.34,67.7594,63.34,9.048571428571428,4.04,3.9643150394353515,0,100,,,63.3448,32,70,87,94.5,110,129.5,66.2863,32.8,72.7,93.1,102,118.9,140.1,59.3408,29.4,66,83,91.8,106.7,121.7,,,,,,,,30.2,33.68,30.29,,,,0.194462,0.0918462,0.0413846,0.5%,0.584154,2026-07-23T08:02:00,0.328,13.832,6.40708,35.6532,0.689846,0.531538,0.268769
43650523,Keita Nakajima,G,Golf,GOLF,,7200,0,63.14,67.939,63.14,8.769444444444444,3.04,2.8716202646376088,0,100,,,63.1366,32,69.5,87,95.5,111.52,131.5,66.0548,32.7,71.7,93.02,102.1,121.1,140.3,59.0616,29.3,65.4,82.8,92,108,123.2,,,,,,,,30.68,34.18,30.74,,,,0.194462,0.0984615,0.0498462,0.6%,0.574462,2026-07-23T13:39:00,0.344154,13.7497,6.38308,35.3757,0.712769,0.527692,0.268462
43650513,Taylor Moore,G,Golf,GOLF,,7300,0,63.03,62.7086,63.03,8.634246575342466,2.73,2.537151274988774,0,100,,,63.0345,32,70,86.5,95,110.5,128.5,65.8988,32.3,72.7,92.3,101.8,119.5,138.2,58.9255,29.1,66,82.2,91.5,106.6,120.4,,,,,,,,30.26,33.76,30.31,,,,0.183692,0.0915385,0.0416923,0.4%,0.578923,2026-07-23T06:45:00,0.325846,13.8005,6.40523,35.482,0.713077,0.544615,0.256
43650522,Jesper Svensson,G,Golf,GOLF,,7200,0,63,60.3483,63,8.75,3.02,2.852999199261765,0,100,,,63.0028,32,69.5,86,94.5,110,133.5,65.857,32.5,71.9,92.2,101.3,119.6,143,58.9345,29.4,65.7,82,90.7,107.2,125.6,,,,,,,,30.3,33.83,30.33,,,,0.174308,0.0861538,0.0429231,0.8%,0.578615,2026-07-23T13:50:00,0.342,13.7463,6.402,35.5112,0.717077,0.519692,0.261846
43650519,Preston Stout,G,Golf,GOLF,,7200,0,62.12,50.7564,62.12,8.627777777777778,2.59,2.39812390878071,0,100,,,62.1213,32,68.5,85.62,94,110,129,64.8946,32.4,70.7,91.4,101,118.82,138.4,58.1094,29.3,64.6,81.6,90.3,107,121,,,,,,,,30.07,33.54,30.19,,,,0.172,0.0870769,0.0401538,0.5%,0.564462,2026-07-23T13:39:00,0.331692,13.566,6.32292,35.2606,0.722308,0.513385,0.268769
43650525,Thorbjorn Olesen,G,Golf,GOLF,,7100,0,62.12,64.705,62.12,8.749295774647887,2.33,2.1324790005136465,0,100,,,62.122,32,70,85,92.5,108,128,64.9089,32.27,71.8,90.6,99,116.5,139.2,58.0597,29.3,65.5,80.9,88.2,104.4,120.6,,,,,,,,29.47,32.85,29.46,,,,0.155692,0.0718462,0.0318462,0.4%,0.576154,2026-07-23T06:56:00,0.320462,13.6335,6.45554,35.5134,0.707538,0.533692,0.248308
43650503,Rasmus Hojgaard,G,Golf,GOLF,,7500,0,61.92,67.1318,61.92,8.256,2.2,1.9896082973308042,0,100,,,61.9155,32,68,85.5,93.5,110,131.5,64.6123,32,69.7,91.3,100.3,119.1,141.5,57.8479,28.8,63.5,81.5,89.61,106,125.8,,,,,,,,30.29,33.78,30.32,,,,0.170462,0.0841538,0.0412308,0.6%,0.562615,2026-07-23T06:45:00,0.341385,13.5188,6.41738,35.1569,0.709846,0.511077,0.245846
43650536,Seamus Power,G,Golf,GOLF,,7000,0,61.65,62.3838,61.65,8.807142857142857,2.4,2.2013873833387034,0,100,,,61.6523,32,68,85,93.5,109.52,129.5,64.3051,31.8,69.75,91,100.4,117.81,139.2,57.5652,28.8,64.05,81.1,89.8,105.81,122.6,,,,,,,,29.98,33.53,30.2,,,,0.167692,0.0796923,0.0389231,0.5%,0.563538,2026-07-23T13:17:00,0.326769,13.5003,6.43154,35.1992,0.718923,0.512923,0.247231
43650550,Kevin Roy,G,Golf,GOLF,,6800,0,61.49,60.3205,61.49,9.04264705882353,3.23,3.0833313230076977,0,100,,,61.4932,32,68,85,93,108,128.51,64.2207,32,69.7,90.5,99.7,117.7,138.2,57.4557,28.8,63.6,80.9,89.3,105.4,120.7,,,,,,,,29.82,33.33,30.01,,,,0.164923,0.0786154,0.0383077,0.4%,0.563692,2026-07-23T08:02:00,0.316462,13.4774,6.43123,35.2423,0.708462,0.506769,0.258769
43650539,Billy Horschel,G,Golf,GOLF,,7000,0,60.85,62.2955,60.85,8.692857142857143,2.08,1.8807587481386947,0,100,,,60.847,31.5,67.5,83.5,91.07,105.5,126.5,63.3099,31.9,69.5,88.8,97.3,113.3,137,56.77,28.8,63.5,79.7,87.1,102.81,119.3,,,,,,,,29.03,32.37,29.17,,,,0.139538,0.0627692,0.0301538,0.4%,0.564,2026-07-23T12:33:00,0.333846,13.3332,6.46431,35.3266,0.728615,0.488154,0.245846
43650537,Austin Smotherman,G,Golf,GOLF,,7000,0,60.45,60.6766,60.45,8.635714285714286,2.25,2.049629945993576,0,100,,,60.4472,31.5,66,84,92.5,108,128.01,62.9761,31.4,67.6,89.8,99.3,116.51,138.9,56.3572,28.2,61.7,80,88.7,104.6,122.1,,,,,,,,29.76,33.27,29.91,,,,0.157231,0.0735385,0.036,0.5%,0.548923,2026-07-23T13:06:00,0.318769,13.2368,6.44154,34.9449,0.708462,0.495077,0.236308
43650538,Chris Kirk,G,Golf,GOLF,,7000,0,60.37,61.8358,60.37,8.624285714285714,2.11,1.9075437558804773,0,100,,,60.3718,31.5,66.5,84,92.07,106.52,128.5,62.8392,31.3,67.75,89.72,98.61,115.1,138.9,56.2172,28.27,61.7,80,88.3,103.7,120.3,,,,,,,,29.76,33.22,29.8,,,,0.151385,0.0706154,0.0335385,0.6%,0.545692,2026-07-23T07:18:00,0.312923,13.2655,6.43738,34.7855,0.735692,0.503692,0.243231
43650548,Tom Hoge,G,Golf,GOLF,,6900,0,60.28,59.4756,60.28,8.736231884057972,2.38,2.1877940222963956,0,100,,,60.2806,31.5,66.5,83.5,91.5,106.02,126.5,62.7533,31.6,67.9,88.93,97.5,114.3,136.4,56.195,28.7,62,79.4,87.21,103.11,118.91,,,,,,,,29.31,32.69,29.4,,,,0.145231,0.0681538,0.0310769,0.3%,0.549231,2026-07-23T12:00:00,0.323077,13.2325,6.43215,34.9494,0.725385,0.503077,0.233231
43650532,A.J. Ewart,G,Golf,GOLF,,7100,0,60.1,67.3229,60.1,8.464788732394366,2.13,1.9199317400862397,0,100,,,60.0981,31.5,66,84,91.5,106,127,62.6415,31.1,66.95,89.4,98.1,114.4,136.7,56.0736,28.2,60.9,79.9,88.1,103.6,119.3,,,,,,,,29.48,32.99,29.69,,,,0.151231,0.0681538,0.0323077,0.4%,0.545385,2026-07-23T08:24:00,0.317231,13.2003,6.44015,34.8489,0.711077,0.481538,0.239231
43650533,Zecheng Dou,G,Golf,GOLF,,7000,0,60.06,64.2039,60.06,8.58,2.19,1.9756320626463872,0,100,,,60.064,31,65,84,93,108.5,128.01,62.5908,30.9,66,90,100.3,117.61,136.8,55.9795,28.1,60.35,80,89.5,106,120.3,,,,,,,,30.13,33.71,30.35,,,,0.169846,0.0813846,0.038,0.4%,0.536,2026-07-23T08:46:00,0.306769,13.1569,6.34154,34.6612,0.710154,0.495077,0.236923
43650543,Kris Ventura,G,Golf,GOLF,,6900,0,60.03,62.0228,60.03,8.7,2.46,2.258766254578227,0,100,,,60.028,31.5,65,83.5,92,108.5,128.5,62.4708,30.8,66,89.2,98.7,116.7,138.9,55.9002,28.18,60.35,79.8,88.32,105.2,120.51,,,,,,,,29.88,33.34,30.02,,,,0.156769,0.0775385,0.0367692,0.4%,0.537538,2026-07-23T13:50:00,0.325846,13.1557,6.44646,34.5895,0.724462,0.484923,0.238769
43650528,Hao-Tong Li,G,Golf,GOLF,,7100,0,59.63,62.6868,59.63,8.398591549295775,2.04,1.8309552979794002,0,100,,,59.6255,31,64.5,83.5,92,107.5,126,61.977,30.8,65,89.1,98.82,115.41,136.5,55.4924,28.2,59.3,79.7,88.3,103.81,119.5,,,,,,,,29.77,33.17,29.84,,,,0.155846,0.0713846,0.0350769,0.4%,0.530154,2026-07-23T14:01:00,0.326308,13.0368,6.34815,34.5418,0.717231,0.486462,0.227385
43650544,Austin Eckroat,G,Golf,GOLF,,6900,0,59.02,60.7413,59.02,8.553623188405798,1.91,1.6998799591559555,0,100,,,59.0165,31,64,83,90.5,106,127.5,61.3382,30.5,64.1,88.1,97.4,114,137.1,54.9128,28.1,58.1,78.8,86.8,103.1,118.6,,,,,,,,29.37,32.85,29.57,,,,0.141077,0.0669231,0.0321538,0.4%,0.529692,2026-07-23T12:11:00,0.309692,12.9482,6.41462,34.5642,0.712769,0.471385,0.230462
43650558,Takumi Kanaya,G,Golf,GOLF,,6700,0,58.9,61.6212,58.9,8.791044776119403,2.25,2.046087283920821,0,100,,,58.8951,31,63.5,82.5,92,107,127.01,61.1802,30.4,63.9,88,98.2,115.7,137,54.7667,27.5,58.25,79.1,87.71,104.4,118.9,,,,,,,,29.81,33.28,30.04,,,,0.150462,0.0718462,0.0346154,0.5%,0.527077,2026-07-23T12:22:00,0.313692,12.8969,6.412,34.5062,0.736923,0.461385,0.236462
43650524,Adrien Dumont De Chassart,G,Golf,GOLF,,7200,0,58.75,65.2804,58.75,8.159722222222223,1.66,1.4520739442699946,0,100,,,58.7475,31,63.5,82.5,90,104.5,124.5,61.0278,30.8,64.15,87.8,96.3,113,134.9,54.6481,28,58.05,78.6,86,102.31,117.5,,,,,,,,28.99,32.39,29.19,,,,0.131846,0.0624615,0.0273846,0.4%,0.530462,2026-07-23T08:24:00,0.297231,12.9418,6.48262,34.5495,0.715077,0.482769,0.229846
43650534,Patrick Rodgers,G,Golf,GOLF,,7000,0,58.61,63.6955,58.61,8.372857142857143,1.74,1.5284938984221255,0,100,,,58.6128,31,64,81.5,89.5,103.02,123.5,60.858,30.6,64.5,86.8,95.51,111.5,134.4,54.4648,28.1,58.8,78.1,85.3,101,117.2,,,,,,,,28.65,32.01,28.84,,,,0.125077,0.0564615,0.0267692,0.3%,0.536615,2026-07-23T08:02:00,0.297538,12.8909,6.47646,34.8103,0.725077,0.468769,0.231846
43650545,Garrick Higgo,G,Golf,GOLF,,6900,0,58.5,57.1074,58.5,8.478260869565219,1.68,1.4718825103128699,0,100,,,58.4963,31,63,81.5,90,104.5,124.5,60.6371,30.5,63.15,86.5,95.8,112.2,134.2,54.2922,28.1,57.5,77.8,85.61,101.1,117,,,,,,,,28.82,32.12,28.93,,,,0.128308,0.0578462,0.0284615,0.3%,0.528769,2026-07-23T07:40:00,0.314308,12.8442,6.44508,34.5789,0.740615,0.47,0.220154
43650540,Matt Kuchar,G,Golf,GOLF,,7000,0,58.3,66.2767,58.3,8.328571428571427,1.9,1.6898028624797756,0,100,,,58.3049,31,62.5,82.5,90.5,105,124,60.4922,30.37,62.4,87.8,96.5,113.41,134,54.1686,27.5,56.3,78.6,86.3,102.6,117.5,,,,,,,,29.18,32.62,29.43,,,,0.140462,0.066,0.0295385,0.3%,0.520462,2026-07-23T07:51:00,0.306769,12.816,6.40754,34.3626,0.731385,0.456,0.216
43650566,Aaron Wise,G,Golf,GOLF,,6600,0,58.23,57.8831,58.23,8.822727272727272,2.43,2.2347370686353227,0,100,,,58.2329,31,62.5,82,90,104.5,122.5,60.3762,30.3,62.2,87,96.6,111.9,133.4,54.0159,27.5,56.85,78.5,85.9,101.1,115.8,,,,,,,,29.01,32.37,29.25,,,,0.131692,0.0610769,0.0253846,0.3%,0.524923,2026-07-23T12:44:00,0.303538,12.804,6.49585,34.4543,0.723538,0.477538,0.222308
43650565,Joel Dahmen,G,Golf,GOLF,,6600,0,58.17,58.4092,58.17,8.813636363636364,2.77,2.590280464261944,0,100,,,58.1685,30.5,61,82.12,90.5,106,127,60.3496,30.1,60.15,87.7,96.9,113.9,136.8,53.9681,27.4,54.4,78.2,86.4,103.1,118.4,,,,,,,,29.5,32.99,29.68,,,,0.139231,0.0661538,0.0315385,0.4%,0.515846,2026-07-23T13:06:00,0.302308,12.7657,6.40415,34.256,0.725077,0.481385,0.223692
43650553,Neal Shipley,G,Golf,GOLF,,6800,0,58.09,55.7068,58.09,8.54264705882353,1.62,1.4287907530652113,0,100,,,58.0869,31.5,64.25,81,87.5,101,120.5,60.304,31,64.8,85.8,94,108.9,129.3,54.0873,28.1,59.2,77.02,83.8,98.3,114.5,,,,,,,,27.85,31.11,28.07,,,,0.104923,0.0464615,0.0207692,0.2%,0.536462,2026-07-23T14:01:00,0.299231,12.8335,6.54046,34.8085,0.718769,0.446462,0.224769
43650560,Brandt Snedeker,G,Golf,GOLF,,6700,0,57.83,62.1879,57.83,8.63134328358209,1.78,1.5638539739309847,0,100,,,57.8285,30.5,60.5,82,90.5,105.5,122.5,59.8057,30.2,59.75,86.6,96.11,113,132.8,53.6765,27.5,54.4,78,86.1,102.5,115.7,,,,,,,,29.19,32.48,29.4,,,,0.135846,0.0627692,0.028,0.4%,0.516923,2026-07-23T07:51:00,0.304615,12.6583,6.43646,34.3877,0.717692,0.464615,0.220154
43650547,Patrick Fishburn,G,Golf,GOLF,,6900,0,57.29,58.4788,57.29,8.302898550724636,1.41,1.2055116273957145,0,100,,,57.2947,30.5,60.5,80.5,89,103.5,123,59.3363,29.9,59.25,85.6,95.1,110.7,133.5,53.035,27,53.85,77,84.6,100.1,116.3,,,,,,,,28.7,32.09,28.94,,,,0.119692,0.0541538,0.0253846,0.3%,0.514615,2026-07-23T08:24:00,0.292615,12.6362,6.49954,34.2437,0.738,0.459077,0.214
43650551,Karl Vilips,G,Golf,GOLF,,6800,0,56.48,59.1578,56.48,8.305882352941177,1.47,1.265691190963987,0,100,,,56.477,30.5,42.5,80.5,88.5,102.5,122.5,58.4766,29.9,45.5,85.43,94.6,110.41,132.4,52.2927,27,38,76.7,84.3,100,115.7,,,,,,,,28.5,31.85,28.76,,,,0.118769,0.0538462,0.0243077,0.2%,0.494769,2026-07-23T07:29:00,0.280615,12.4837,6.39062,33.8,0.746308,0.436615,0.215077
43650552,Matthieu Pavon,G,Golf,GOLF,,6800,0,55.86,55.6259,55.86,8.214705882352941,1.69,1.483999906240591,0,100,,,55.8643,30.5,41,79.5,88,101.5,122.5,57.7331,29.5,43.95,84.1,93.8,108.9,133.2,51.6946,27,36.8,75.7,83.6,98.6,116.5,,,,,,,,28.42,31.74,28.67,,,,0.112769,0.0489231,0.0233846,0.3%,0.489846,2026-07-23T07:51:00,0.285538,12.3012,6.40385,33.7998,0.732923,0.435538,0.210615
43650549,Luke Clanton,G,Golf,GOLF,,6800,0,55.47,51.5619,55.47,8.15735294117647,1.35,1.1496413878580751,0,100,,,55.4705,30,40,79.5,87,101,122,57.3518,29.27,43,84.3,93.3,108.2,132.3,51.3049,26.9,36.35,75.6,82.9,97.81,115.1,,,,,,,,28.2,31.57,28.43,,,,0.106,0.0463077,0.0201538,0.3%,0.487385,2026-07-23T13:28:00,0.286,12.2674,6.456,33.6763,0.743077,0.416,0.205385
43650563,David Lipsky,G,Golf,GOLF,,6700,0,55.39,59.1504,55.39,8.267164179104478,1.41,1.1989330546458243,0,100,,,55.3875,30,39,79.5,88,102.5,122.51,57.2009,29.1,41.6,83.9,94.1,110,132.6,51.207,26.4,35.5,75.6,83.4,99.9,116.5,,,,,,,,28.53,31.92,28.85,,,,0.118923,0.0527692,0.0226154,0.2%,0.479385,2026-07-23T13:17:00,0.289231,12.2251,6.47985,33.4309,0.718308,0.431538,0.200615
43650546,Ryder Cowan,G,Golf,GOLF,,6900,0,55.01,65.0758,55.01,7.972463768115942,1.5,1.3020323325530623,0,100,,,55.0095,30,39.5,78.5,86.5,100.5,121.5,56.8456,29.3,42.05,83.4,92.6,107.8,130.8,50.7976,26.77,35.5,75,82.1,97.9,114,,,,,,,,28.03,31.35,28.33,,,,0.0984615,0.0449231,0.0187692,0.3%,0.48,2026-07-23T08:35:00,0.276,12.1722,6.45262,33.5306,0.721231,0.431231,0.197231
43650555,Chad Ramey,G,Golf,GOLF,,6800,0,55,59.5365,55,8.088235294117649,1.36,1.1621861433693697,0,100,,,54.9961,30,38.5,78.5,87.5,103,120.5,56.7447,29,40.5,83.3,93.51,110.6,132.31,50.7694,26.4,35.3,75,83.5,99.9,114.1,,,,,,,,28.46,31.86,28.71,,,,0.111385,0.0521538,0.0233846,0.2%,0.475385,2026-07-23T08:13:00,0.281077,12.1365,6.45092,33.4018,0.735692,0.425692,0.200154
43650557,Erik Van Rooyen,G,Golf,GOLF,,6700,0,54.82,57.716,54.82,8.182089552238807,1.39,1.190205836774912,0,100,,,54.8174,30,39.5,78.5,86.5,100.5,122,56.5423,29.2,41.9,82.9,92.3,107.6,130.7,50.6405,26.8,36,75,82.4,97.5,113.5,,,,,,,,27.91,31.12,28.16,,,,0.100923,0.0443077,0.0192308,0.2%,0.479231,2026-07-23T07:07:00,0.29,12.0934,6.48985,33.5363,0.729538,0.412308,0.201231
43650591,Brice Garnett,G,Golf,GOLF,,6300,0,54.31,52.3379,54.31,8.62063492063492,1.85,1.6340556870143454,0,100,,,54.3067,29.5,37.5,79,87.5,102.5,121.5,55.9469,28.6,39.2,83.3,93.5,110.2,131.9,50.0947,25.8,34.2,74.9,83.5,99.9,115.7,,,,,,,,28.64,32.02,29.01,,,,0.116615,0.0541538,0.0229231,0.2%,0.460769,2026-07-23T12:22:00,0.278615,11.9655,6.416,33.0928,0.719538,0.420615,0.198308
43650562,David Skinns,G,Golf,GOLF,,6700,0,54.12,57.9963,54.12,8.077611940298508,1.29,1.098724837155216,0,100,,,54.1246,30,38,78,86.5,101,120.01,55.7088,28.8,39.2,82.7,92.1,109,131,49.9049,26.3,34.3,74.5,82.4,98.5,114.2,,,,,,,,28.07,31.31,28.28,,,,0.100769,0.0463077,0.0190769,0.2%,0.460462,2026-07-23T14:01:00,0.298769,11.914,6.44031,33.0815,0.729231,0.414308,0.193077
43650556,Trace Crowe,G,Golf,GOLF,,6800,0,53.98,60.8489,53.98,7.938235294117647,1.17,0.9787525202619359,0,100,,,53.9812,30,38,77.5,85.5,100,121.5,55.6587,28.9,39.65,82.2,91.2,107.5,130.3,49.7692,26.3,34.2,74,81.8,97.11,113.7,,,,,,,,27.86,31.1,28.12,,,,0.0975385,0.0455385,0.0190769,0.3%,0.464923,2026-07-23T08:46:00,0.274615,11.9518,6.51108,33.1625,0.717538,0.404615,0.189538
43650559,Nick Dunlap,G,Golf,GOLF,,6700,0,53.95,52.73,53.95,8.05223880597015,1.18,0.9844165700952761,0,100,,,53.9521,30,37.5,78,86.5,101,118.5,55.6162,28.7,39.1,82.5,92.11,109.3,129.5,49.7267,26.3,34.2,74.4,81.9,98.5,112.7,,,,,,,,28.05,31.43,28.42,,,,0.109846,0.0476923,0.0198462,0.2%,0.459692,2026-07-23T12:22:00,0.275385,11.9234,6.44831,33.0602,0.722154,0.414769,0.191846
43650597,Davis Chatfield,G,Golf,GOLF,,6200,0,53.84,56.8683,53.84,8.683870967741937,2.08,1.875812727978558,0,100,,,53.8362,29.5,37.5,78,86.5,101.5,121.5,55.4698,28.5,38.9,82.3,92.3,108.1,132.5,49.6114,25.8,34.2,74.4,82.3,98.7,115.6,,,,,,,,28.34,31.73,28.73,,,,0.111231,0.0478462,0.0210769,0.2%,0.460615,2026-07-23T13:50:00,0.278615,11.8734,6.47831,33.1149,0.720769,0.404154,0.191846
43650569,Mark Hubbard,G,Golf,GOLF,,6600,0,53.83,57.0519,53.83,8.156060606060606,1.33,1.1334625679300063,0,100,,,53.831,29.5,37.5,78,86,100.5,120.01,55.3198,28.37,39.3,82.2,92.1,108.1,130.01,49.4484,25.8,34.2,74.3,82.01,97.5,113.5,,,,,,,,28.07,31.35,28.42,,,,0.101231,0.0458462,0.0195385,0.2%,0.460769,2026-07-23T07:07:00,0.285846,11.8589,6.43338,33.1348,0.755538,0.422308,0.190769
43650564,Chandler Phillips,G,Golf,GOLF,,6700,0,53.68,57.3738,53.68,8.011940298507461,0.98,0.8016418714252969,0,100,,,53.6841,29.5,37.5,77.5,86.5,101,122,55.2231,28.5,38.9,81.4,92.2,109.1,131.9,49.4131,25.8,34.2,73.8,82.5,98.21,115.1,,,,,,,,28.16,31.49,28.59,,,,0.110769,0.0469231,0.0213846,0.3%,0.456615,2026-07-23T08:13:00,0.281231,11.8143,6.42692,33.0655,0.735692,0.413846,0.193538
43650554,Pontus Nyholm,G,Golf,GOLF,,6800,0,52.93,54.0612,52.93,7.783823529411765,1.22,1.0254249779093332,0,100,,,52.9299,29.5,36.5,76.5,85.5,99.5,119,54.3667,28.2,38.2,80.7,90.71,106.8,128.9,48.5904,25.7,33.6,73.1,81,96.7,113.2,,,,,,,,27.61,30.87,27.95,,,,0.0933846,0.0424615,0.0187692,0.1%,0.448,2026-07-23T13:28:00,0.269846,11.6992,6.40908,32.8763,0.754615,0.408,0.189077
43650561,Hayden Springer,G,Golf,GOLF,,6700,0,52.88,58.1371,52.88,7.892537313432837,1.24,1.0531135904572475,0,100,,,52.8827,29.5,37.5,76.5,84.5,97.5,116.01,54.3731,28.7,38.8,81.1,90.11,105.3,125.4,48.6499,26.2,33.7,73.2,80.6,94.5,110.8,,,,,,,,27.17,30.32,27.48,,,,0.0835385,0.0338462,0.0152308,0.1%,0.450154,2026-07-23T08:46:00,0.276615,11.718,6.42785,32.9218,0.741231,0.381538,0.177846
43650570,Cameron Champ,G,Golf,GOLF,,6600,0,52.51,51.6723,52.51,7.956060606060605,1.15,0.9621116331419134,0,100,,,52.5091,29.5,37,76.5,83.5,97.5,116.01,53.9717,28.5,38.6,80.5,89,104.5,125.6,48.2427,25.8,33.7,72.7,79.7,93.1,110.7,,,,,,,,26.95,30.11,27.28,,,,0.0752308,0.0312308,0.0135385,0.2%,0.450923,2026-07-23T12:11:00,0.276,11.6038,6.496,33,0.738,0.388308,0.189231
43650568,Harry Higgs,G,Golf,GOLF,,6600,0,52.4,52.0914,52.4,7.939393939393939,1.03,0.8475378912047538,0,100,,,52.398,29.5,36.5,76,84,98.5,119.51,53.7562,28.4,37.9,79.5,89.6,106.2,127.4,48.0461,25.8,33,72,80,95.5,113.2,,,,,,,,27.39,30.53,27.7,,,,0.0872308,0.0364615,0.0144615,0.2%,0.442923,2026-07-23T06:56:00,0.271231,11.6049,6.50338,32.7031,0.743231,0.398,0.179692
43650584,Paul Peterson,G,Golf,GOLF,,6400,0,52.35,56.0445,52.35,8.1796875,1.56,1.3502336791842287,0,100,,,52.3534,29,36,76.5,85,100.5,120.5,53.6931,27.7,37.4,80.2,90.9,107.9,131,48.0626,25.2,33,73,81.1,97.4,113.4,,,,,,,,27.94,31.23,28.33,,,,0.100923,0.0449231,0.0190769,0.2%,0.437231,2026-07-23T13:39:00,0.272462,11.5242,6.42262,32.6762,0.726154,0.391846,0.186769
43650577,Chandler Blanchet,G,Golf,GOLF,,6500,0,52.13,55.4004,52.13,8.020000000000001,1.1,0.9224263251104267,0,100,,,52.1288,29.5,36.5,75.5,84,98.5,118.01,53.4523,28.2,37.9,79.5,89.1,106,128.5,47.7734,25.7,33.4,72.1,79.9,95.5,112.4,,,,,,,,27.26,30.42,27.68,,,,0.0858462,0.0387692,0.0167692,0.2%,0.440769,2026-07-23T08:46:00,0.269846,11.5295,6.52785,32.6842,0.732154,0.390462,0.183385
43650574,Lanto Griffin,G,Golf,GOLF,,6500,0,51.78,58.4442,51.78,7.966153846153847,1.11,0.9301800607268734,0,100,,,51.7828,29,36,75.5,83,100,120.5,53.0551,27.87,37.4,79,88.8,107.3,129.5,47.4397,25.2,33,71.4,79.5,97.31,113.5,,,,,,,,27.52,30.77,27.86,,,,0.0952308,0.0449231,0.0186154,0.1%,0.429692,2026-07-23T13:17:00,0.258923,11.4672,6.45754,32.4288,0.735385,0.391692,0.176769
43650576,Adam Hadwin,G,Golf,GOLF,,6500,0,51.6,53.3271,51.6,7.938461538461539,1.1,0.9122999118538437,0,100,,,51.5955,29,36,75,84,99.02,118.5,52.8564,27.7,37.1,79,89.5,106.4,127.8,47.2207,25.1,32.9,71.9,79.92,96.8,113.3,,,,,,,,27.33,30.59,27.82,,,,0.0906154,0.0415385,0.0175385,0.1%,0.427231,2026-07-23T08:02:00,0.266615,11.4097,6.44523,32.3922,0.748154,0.380615,0.176769
43650588,Adam Svensson,G,Golf,GOLF,,6300,0,51.45,53.8275,51.45,8.166666666666668,1.12,0.9292317410952005,0,100,,,51.4529,29,36,75,84.5,99,120,52.7127,27.7,37,79.2,89.8,107.1,128.3,47.0688,25.2,32.4,71.62,80.4,96.4,112.5,,,,,,,,27.51,30.82,28.01,,,,0.0952308,0.0406154,0.0172308,0.2%,0.424308,2026-07-23T12:11:00,0.265538,11.3671,6.45938,32.3225,0.738308,0.382154,0.179846
43650542,Gordon Sargent,G,Golf,GOLF,,6900,0,51.31,47.9708,51.31,7.436231884057972,0.98,0.8052077808102188,0,100,,,51.3108,29,35.5,75.5,84,97,119.5,52.6935,27.9,37.1,79.3,89.32,104.7,128.9,46.99,25.2,32.4,71.9,79.7,93.6,112.1,,,,,,,,27.14,30.34,27.4,,,,0.0778462,0.0336923,0.0158462,0.2%,0.419231,2026-07-23T13:28:00,0.253538,11.3931,6.35769,32.2228,0.745077,0.384154,0.171077
43650578,Stefano Mazzoli,G,Golf,GOLF,,6500,0,50.9,55.353,50.9,7.83076923076923,0.75,0.5963379561061922,0,100,,,50.9014,29,35.5,74.5,82.5,97,116.5,52.1296,27.8,37,78.2,87.9,103.7,127,46.5548,25.1,32.5,71.02,78.6,93.81,110.6,,,,,,,,26.77,29.93,27.18,,,,0.0766154,0.032,0.0149231,0.1%,0.420769,2026-07-23T12:55:00,0.254154,11.3128,6.50446,32.2238,0.734923,0.374462,0.168923
43650581,Joe Highsmith,G,Golf,GOLF,,6400,0,50.88,48.1401,50.88,7.95,1.32,1.1231883329830246,0,100,,,50.8787,29,35,74.5,83.5,98.5,119,52.0194,27.37,36.4,78.1,88.5,105.7,127.4,46.5739,25.1,32.3,70.8,79.71,95.6,112.2,,,,,,,,27.27,30.44,27.69,,,,0.0876923,0.0398462,0.0166154,0.2%,0.416154,2026-07-23T07:29:00,0.267077,11.2189,6.40938,32.2338,0.740615,0.367846,0.174
43650579,Cameron Davis,G,Golf,GOLF,,6400,0,50.31,46.896,50.31,7.8609374999999995,1.01,0.83386517409282,0,100,,,50.3103,29,35,74,82.5,96.5,116,51.3852,27.3,36.5,77.52,87.4,103,125.4,45.9243,24.6,32.3,70.4,78.6,92.91,110.9,,,,,,,,26.77,29.84,27.16,,,,0.0710769,0.0316923,0.0136923,0.1%,0.411846,2026-07-23T07:40:00,0.264154,11.1165,6.49477,32.1031,0.727538,0.362,0.171692
43650573,Vince Whaley,G,Golf,GOLF,,6500,0,49.93,58.4469,49.93,7.681538461538462,0.86,0.6975014872587146,0,100,,,49.9262,29,35,73.5,82,97,117,50.939,27.3,36,77.1,87.5,104.1,126.2,45.5024,24.6,31.8,70.1,78.21,93.8,112.1,,,,,,,,26.76,29.94,27.31,,,,0.0798462,0.0335385,0.0135385,0.1%,0.400308,2026-07-23T06:45:00,0.256,11.0308,6.40585,31.8572,0.739385,0.379231,0.170308
43650571,Will Gordon,G,Golf,GOLF,,6600,0,49.81,49.6959,49.81,7.546969696969697,0.85,0.6901756234035724,0,100,,,49.8053,29,35,73.5,81.5,95,115.5,50.8033,27.3,36.3,76.5,86.4,101.9,123.9,45.3378,24.6,31.8,69.5,77.9,91.31,110.8,,,,,,,,26.35,29.36,26.73,,,,0.0652308,0.0283077,0.0124615,0.2%,0.403231,2026-07-23T13:17:00,0.262615,11.0286,6.45615,31.9018,0.748154,0.369538,0.153846
43650582,Ben Silverman,G,Golf,GOLF,,6400,0,49.73,54.4435,49.73,7.770312499999999,0.91,0.7364090031528966,0,100,,,49.7268,28.5,34.5,73,82.5,97,119.01,50.7629,27,35.8,76.5,88,104.31,128.2,45.2884,24.5,31.7,69.7,78.6,93.7,112,,,,,,,,26.97,30.17,27.43,,,,0.0823077,0.0349231,0.0150769,0.1%,0.398462,2026-07-23T12:11:00,0.249692,11.0186,6.46477,31.7574,0.737846,0.361538,0.161538
43650575,Jimmy Stanger,G,Golf,GOLF,,6500,0,49.39,51.8178,49.39,7.598461538461538,0.8,0.6460889071828133,0,100,,,49.3932,28.5,35,72.5,81,95,114.51,50.3094,26.7,35.9,75.9,86.2,102.1,124.41,44.872,24.5,31.8,69,77.1,91.8,109.8,,,,,,,,26.22,29.38,26.7,,,,0.0666154,0.0276923,0.0115385,0.1%,0.399846,2026-07-23T13:28:00,0.251692,10.9846,6.50862,31.7726,0.757077,0.366615,0.149385
43650572,Luke List,G,Golf,GOLF,,6500,0,49.22,49.8492,49.22,7.572307692307692,0.65,0.5121663778164082,0,100,,,49.22,29,34.5,73,81,94.52,114,50.1475,27.3,35.95,76,85.6,101.5,123,44.7346,24.5,31.7,69.02,77.01,91.31,109.6,,,,,,,,26.04,29.08,26.56,,,,0.0638462,0.0264615,0.012,0.1%,0.394,2026-07-23T08:02:00,0.250462,10.9374,6.40815,31.6897,0.779231,0.348308,0.163385
43650589,Dylan Wu,G,Golf,GOLF,,6300,0,48.94,55.3977,48.94,7.768253968253967,0.91,0.7371614370633036,0,100,,,48.9395,28.5,34.5,72,81,96.5,116.5,49.7711,26.8,35.7,75.3,85.61,102.7,125.9,44.4029,24,31.7,68.3,77.4,92.5,110.7,,,,,,,,26.41,29.44,26.85,,,,0.0723077,0.0315385,0.0135385,0.1%,0.39,2026-07-23T06:56:00,0.263692,10.8275,6.53169,31.5508,0.743692,0.348769,0.155077
43650586,John VanDerLaan,G,Golf,GOLF,,6300,0,48.92,51.3511,48.92,7.765079365079365,0.83,0.6641946971694671,0,100,,,48.9213,28.5,34.5,72.5,81,96.02,115.51,49.8069,26.8,35.6,75.6,86,103.5,123.6,44.4266,24.4,31.2,68.6,77,92.91,110.7,,,,,,,,26.39,29.5,26.81,,,,0.072,0.0323077,0.0136923,0.0%,0.387692,2026-07-23T08:35:00,0.254769,10.8455,6.48092,31.5122,0.747538,0.350615,0.152
43650587,Fabian Gomez,G,Golf,GOLF,,6300,0,48.81,53.5165,48.81,7.7476190476190485,0.79,0.632546696743526,0,100,,,48.8137,28.5,34.5,72,81,96.5,114.01,49.6713,26.8,35.65,75.3,85.9,103,123.3,44.3153,24,31.2,68.3,77.5,92.6,110.1,,,,,,,,26.38,29.48,26.92,,,,0.0744615,0.03,0.012,0.2%,0.386923,2026-07-23T13:17:00,0.256615,10.8286,6.52338,31.4591,0.744462,0.350308,0.150154
43650580,Alejandro Tosti,G,Golf,GOLF,,6400,0,48.51,47.6681,48.51,7.5796874999999995,0.65,0.5049251178607899,0,100,,,48.5112,28.5,34.5,72,80.5,94.5,115,49.3529,26.8,35.3,74.9,85.3,101.5,122.7,44.0274,24.5,31.2,68.1,76.3,91.5,109.9,,,,,,,,25.94,29.07,26.46,,,,0.066,0.0281538,0.0113846,0.1%,0.383538,2026-07-23T08:35:00,0.242923,10.7905,6.41446,31.4726,0.761231,0.339846,0.148462
43650590,Kevin Streelman,G,Golf,GOLF,,6300,0,48.36,52.4627,48.36,7.6761904761904765,0.74,0.5846273433705499,0,100,,,48.3575,28,34,72,80.5,94.5,115.5,49.0657,26.4,35.3,74.7,84.8,101.2,124.8,43.8036,23.9,31.2,67.6,76.4,90.6,110,,,,,,,,26.12,29.2,26.63,,,,0.0647692,0.0273846,0.0112308,0.2%,0.386769,2026-07-23T12:55:00,0.246923,10.7009,6.53369,31.5782,0.747077,0.357077,0.155692
43650595,Tyler Duncan,G,Golf,GOLF,,6200,0,48.04,53.6628,48.04,7.748387096774193,0.66,0.5197030329719029,0,100,,,48.0389,28,34,71.12,80,94.52,114.5,48.754,26.1,35,74.3,84.6,102.3,123.6,43.4865,23.8,31.1,67.12,75.83,91.31,109.2,,,,,,,,26.01,29.15,26.52,,,,0.07,0.0293846,0.0112308,0.1%,0.38,2026-07-23T06:56:00,0.240769,10.6635,6.52046,31.3845,0.751692,0.339231,0.149385
43650585,Justin Lower,G,Golf,GOLF,,6400,0,48,50.3078,48,7.5,0.69,0.5358097310114717,0,100,,,48.0038,28,34,71,80.5,95,116.01,48.7419,26.3,34.9,74.1,84.5,102.5,124.6,43.4287,23.8,31.1,67.52,76.4,91.52,110.1,,,,,,,,26.2,29.33,26.69,,,,0.0667692,0.0301538,0.0127692,0.1%,0.373692,2026-07-23T13:17:00,0.256462,10.6195,6.48354,31.212,0.759846,0.338769,0.158462
43650592,Hank Lebioda,G,Golf,GOLF,,6300,0,47.71,53.461,47.71,7.573015873015873,0.87,0.701834873607759,0,100,,,47.7094,28,33.5,71,80.5,97,115,48.4085,26,34.45,73.7,84.82,104.41,124.9,43.1972,23.3,30.6,67.12,76.8,94.4,109.7,,,,,,,,26.45,29.61,27.11,,,,0.0767692,0.0344615,0.0124615,0.1%,0.366615,2026-07-23T12:00:00,0.251846,10.5394,6.44738,31.0911,0.748923,0.326923,0.157077
43650599,Kensei Hirata,G,Golf,GOLF,,6200,0,47.59,48.9321,47.59,7.675806451612903,0.81,0.650888045868445,0,100,,,47.5876,28,33.5,70.5,79.5,95.5,113.5,48.2577,26.1,34.7,72.8,83.7,102.6,122.5,43.0341,23.4,30.7,65.9,76.01,92,108.8,,,,,,,,25.91,29,26.5,,,,0.0698462,0.0272308,0.0103077,0.1%,0.372923,2026-07-23T14:01:00,0.241538,10.5485,6.47062,31.2831,0.759077,0.322923,0.149077
43650583,Nick Hardy,G,Golf,GOLF,,6400,0,47.56,52.5295,47.56,7.43125,0.65,0.5096069086889129,0,100,,,47.5594,28,34,71,79,94,114.51,48.2612,26.1,34.9,73.4,83.5,100.81,124.8,43.034,23.9,31,66.7,75.7,90.2,109.1,,,,,,,,25.85,28.87,26.31,,,,0.0603077,0.0255385,0.0115385,0.1%,0.369077,2026-07-23T07:51:00,0.243231,10.5466,6.48492,31.1495,0.745077,0.35,0.150769
43650594,Brian Campbell,G,Golf,GOLF,,6200,0,46.7,47.4077,46.7,7.532258064516129,0.7,0.5541914763519515,0,100,,,46.6965,27.5,33.5,69.5,77.5,93,111.5,47.206,25.8,34.5,71.93,82.3,99.7,120.5,42.0276,23.3,30.5,65.33,74.21,88.91,108.3,,,,,,,,25.23,28.22,25.75,,,,0.0552308,0.0216923,0.00876923,0.0%,0.361846,2026-07-23T12:33:00,0.237538,10.3575,6.49415,31.0474,0.767077,0.328923,0.142923
43650593,Jeffrey Kang,G,Golf,GOLF,,6200,0,46.3,50.7129,46.3,7.467741935483871,0.77,0.6138091806266787,0,100,,,46.3007,28,33.5,69,78.5,92.5,110.01,46.8153,25.9,34.1,71.12,82.4,99.31,118.4,41.7151,23.3,30.4,64.8,74.8,88.91,106,,,,,,,,25.08,28.07,25.73,,,,0.0587692,0.0224615,0.00769231,0.0%,0.349077,2026-07-23T08:24:00,0.24,10.3046,6.48108,30.6582,0.766308,0.313538,0.138769
43650598,Davis Riley,G,Golf,GOLF,,6200,0,46.19,47.5437,46.19,7.45,0.66,0.5187220883711916,0,100,,,46.1882,27.5,33,69,77.5,92,111.5,46.7237,25.8,34.1,71.1,81.5,98.31,120.1,41.6028,23.3,30,64.7,73.8,88.8,107.4,,,,,,,,25.05,28.05,25.61,,,,0.0547692,0.0223077,0.00953846,0.0%,0.352,2026-07-23T07:18:00,0.217077,10.2577,6.42215,30.8966,0.756462,0.320769,0.148769
43650596,Peter Malnati,G,Golf,GOLF,,6200,0,45.28,49.9627,45.28,7.303225806451613,0.77,0.6186742932889798,0,100,,,45.2752,27.5,33,68,77,91.5,111.51,45.595,25.3,33.3,69.5,81,98.4,120.8,40.612,22.7,29.9,63.23,73.3,87.7,107.8,,,,,,,,24.92,27.86,25.46,,,,0.0503077,0.0216923,0.00861538,0.1%,0.334308,2026-07-23T12:00:00,0.228,10.0426,6.48369,30.416,0.743077,0.315538,0.133231
43667170,Charley Hoffman,G,Golf,GOLF,,6200,0,44.9,,44.9,7.241935483870967,0.57,0.44173211801987095,0,100,,,44.9012,27,32.5,67,75.5,93,109.5,45.0895,24.6,33.1,68.4,79.7,99.2,118.1,40.0724,22.1,29.4,62.3,72.1,89.2,106.7,,,,,,,,24.85,27.92,25.6,,,,0.0561538,0.022,0.00738462,0.1%,0.332308,2026-07-23T12:55:00,0.242308,9.97231,6.55369,30.2828,0.789846,0.294615,0.125077
43650601,Adam Schenk,G,Golf,GOLF,,6100,0,42.35,45.6674,42.35,6.942622950819672,0.4,0.29551400327699745,0,100,,,42.3494,26.5,31.5,63,73,88,105,42.2588,24,31.5,63.4,76.4,93.7,114.2,37.4857,21.4,28.2,56.9,69.1,83.6,101.81,,,,,,,,23.26,26.09,23.93,,,,0.0387692,0.0146154,0.00492308,0.0%,0.293538,2026-07-23T12:55:00,0.205846,9.41569,6.48062,29.5695,0.766462,0.282769,0.119231
43650605,Troy Merritt,G,Golf,GOLF,,6100,0,41.99,52.0985,41.99,6.88360655737705,0.38,0.2814211497527668,0,100,,,41.9892,26.5,31.5,62,72,87.5,108,41.8305,23.8,31.3,62,75.3,93.41,115.3,37.0646,21.4,28.2,56.2,68.4,83.2,104.7,,,,,,,,23.21,26.01,23.97,,,,0.0383077,0.0167692,0.00615385,0.0%,0.289692,2026-07-23T13:06:00,0.202769,9.33923,6.47662,29.4972,0.787538,0.266615,0.115846
43650603,Camilo Villegas,G,Golf,GOLF,,6100,0,41.74,48.6554,41.74,6.842622950819672,0.38,0.28428355523365506,0,100,,,41.7422,26.5,31.5,61.5,72.5,87.5,102,41.5317,23.8,31.5,61.1,75.2,92.9,109.4,36.7655,21,28.2,54.7,68.4,83,100,,,,,,,,22.85,25.56,23.53,,,,0.0370769,0.00969231,0.00415385,0.0%,0.283077,2026-07-23T08:13:00,0.215692,9.294,6.53923,29.2382,0.777692,0.270462,0.106
43650604,Danny Walker,G,Golf,GOLF,,6100,0,41.45,46.3328,41.45,6.795081967213115,0.34,0.24817589843591475,0,100,,,41.4518,26.5,31.5,60.5,72,87,103.5,41.2209,23.8,31.2,59.8,74.8,92.5,110,36.5285,21,28.2,53.3,67.8,82.5,99.8,,,,,,,,22.72,25.49,23.29,,,,0.0352308,0.0124615,0.00476923,0.0%,0.275385,2026-07-23T08:13:00,0.198154,9.27631,6.46908,29.0677,0.78,0.261846,0.0975385
43650602,Christo Lamprecht,G,Golf,GOLF,,6100,0,40.92,44.6884,40.92,6.7081967213114755,0.39,0.2930076226196599,0,100,,,40.9216,26,31.5,59.5,71,84.5,101,40.5931,23.6,30.9,58.7,73.82,89.6,107.7,36.0158,21,28,52.1,67,80.61,98.2,,,,,,,,22.15,24.79,22.74,,,,0.0261538,0.00876923,0.00338462,0.0%,0.271692,2026-07-23T13:50:00,0.210308,9.108,6.54862,29.0368,0.754615,0.258462,0.0992308
43650600,Nicholas Lindheim,G,Golf,GOLF,,6100,0,40.67,38.4521,40.67,6.667213114754099,0.24,0.17441363497675666,0,100,,,40.6673,26,31.5,59.5,71,83.5,100.5,40.3256,23.6,31.1,57.5,73.6,88.41,107.4,35.7662,21,27.9,51.4,67.01,79.4,98.8,,,,,,,,21.88,24.45,22.55,,,,0.0258462,0.00892308,0.00338462,0.0%,0.268769,2026-07-23T08:35:00,0.189692,9.09262,6.492,29.0063,0.775692,0.25,0.104154
43650606,Ben Martin,G,Golf,GOLF,,6100,0,38.22,49.1013,38.22,6.2655737704918035,0.34,0.2547935355190561,0,100,,,38.217,25,30,38.5,67,81.52,99.01,37.5331,22.2,29.4,40.23,69.2,86.31,106.3,33.0668,19.47,26.4,34.9,62.3,78,96.2,,,,,,,,20.73,23.29,21.61,,,,0.0236923,0.00769231,0.00153846,0.0%,0.227231,2026-07-23T13:06:00,0.180462,8.53831,6.46938,28.0692,0.791385,0.214462,0.0870769
43650610,Marcelo Rozo,G,Golf,GOLF,,6000,0,38.2,45.5629,38.2,6.366666666666667,0.17,0.11335542677130271,0,100,,,38.2003,25,30,39,67.5,82,99.5,37.4422,22.1,29.3,40.52,68.9,86.6,106.4,32.9818,19.2,26.4,35.32,62.3,78.1,96.1,,,,,,,,20.89,23.46,21.63,,,,0.0232308,0.00753846,0.00323077,0.0%,0.229692,2026-07-23T08:24:00,0.185231,8.52523,6.57262,28.0726,0.793077,0.224769,0.0873846
43650607,Patton Kizzire,G,Golf,GOLF,,6000,0,37.95,45.6605,37.95,6.325000000000001,0.26,0.1902826879668282,0,100,,,37.9454,25,30,38,66.5,81.5,99,37.158,22.2,29.4,39.8,67.8,86.1,106.1,32.8284,19.6,26.4,34.62,61.7,77.4,96.5,,,,,,,,20.54,23.05,21.45,,,,0.0204615,0.00769231,0.00246154,0.0%,0.221692,2026-07-23T12:00:00,0.194769,8.438,6.51092,27.9389,0.771385,0.216769,0.0849231
43650609,Rafael Campos,G,Golf,GOLF,,6000,0,36.37,43.9793,36.37,6.0616666666666665,0.19,0.13751351443990864,0,100,,,36.3662,24.5,29.5,36.5,63.57,78.5,95.51,35.3133,21.2,28.2,37.5,64.2,82.6,102.7,30.9765,18.5,25.2,33,57.5,74.3,93.9,,,,,,,,19.55,21.98,20.39,,,,0.016,0.00569231,0.00261538,0.0%,0.199846,2026-07-23T06:56:00,0.174308,8.11877,6.55723,27.4145,0.799846,0.203846,0.0756923
43654950,Cooper Schultz,G,Golf,GOLF,,6100,0,36.34,38.1382,36.34,5.957377049180328,0.18,0.13172085675077397,0,100,,,36.3392,24.5,29.5,36.5,64.5,77.5,91.5,35.328,21.6,28.4,37.7,64.4,81.8,99.2,31.0216,18.6,25.8,33.1,57.5,73.81,88.7,,,,,,,,19.05,21.45,19.94,,,,0.0109231,0.00430769,0.000461538,0.0%,0.200462,2026-07-23T08:46:00,0.179077,8.08923,6.53246,27.4955,0.780769,0.21,0.0778462
43650608,Jeremy Paul,G,Golf,GOLF,,6000,0,36.19,46.7617,36.19,6.031666666666666,0.15,0.11001049171566576,0,100,,,36.1888,24.5,29.5,36,63.5,77.5,94.5,35.1328,21.6,28.2,37.1,63.72,82.5,101.3,30.9032,18.6,25.6,32.6,57.5,74.5,91.4,,,,,,,,19.2,21.61,20.14,,,,0.0143077,0.00461538,0.00169231,0.0%,0.194154,2026-07-23T13:28:00,0.172923,8.05215,6.48046,27.3772,0.781385,0.209538,0.0733846
43654949,Brannon Fahrny,G,Golf,GOLF,,6100,0,35.76,37.9518,35.76,5.862295081967212,0.11,0.08060853596141679,0,100,,,35.7632,24.5,29.5,36,62.5,77,92.5,34.6824,21.2,28.2,37.1,62.61,81.1,99.1,30.3615,18.37,25.2,32.4,56.01,72.91,89.4,,,,,,,,18.88,21.22,19.75,,,,0.0123077,0.00338462,0.000923077,0.0%,0.191077,2026-07-23T08:46:00,0.166154,8.00261,6.56031,27.2175,0.801385,0.194,0.076
43654951,Jeevan Sihota,G,Golf,GOLF,,6000,0,35.55,53.1626,35.55,5.925,0.15,0.1127630602210337,0,100,,,35.5537,24.5,29.5,35.5,62,76.5,91,34.3827,21.1,27.9,36.7,61.7,80.1,97.3,30.1294,18,25.2,32.4,55.1,72.6,88.1,,,,,,,,18.53,20.89,19.46,,,,0.00907692,0.00261538,0.00123077,0.0%,0.187231,2026-07-23T08:35:00,0.167692,7.96277,6.53877,27.1298,0.810308,0.186769,0.0703077
43654952,Griffin Wood,G,Golf,GOLF,,6000,0,35.54,36.6047,35.54,5.923333333333334,0.07,0.04726436861537685,0,100,,,35.5371,24.5,29,35.5,62,77,91,34.3909,21.2,27.8,36.9,61.5,81,98,30.0837,18,25.1,32.4,55.8,73.2,87.5,,,,,,,,18.72,21.1,19.71,,,,0.01,0.00323077,0.000923077,0.0%,0.187846,2026-07-23T13:50:00,0.163692,7.93585,6.50369,27.212,0.812,0.195077,0.0735385
43650612,Thomas Campbell,G,Golf,GOLF,,6000,0,34.89,44.7606,34.89,5.8149999999999995,0.03,0.0190735679771014,0,100,,,34.8888,24,29,35,60,75.5,89.01,33.654,20.9,27.7,36.4,59.1,79.1,95.7,29.3735,17.9,24.8,31.9,53.1,71.41,86.4,,,,,,,,17.95,20.21,18.94,,,,0.00784615,0.00153846,0.000769231,0.0%,0.173692,2026-07-23T13:39:00,0.17,7.80769,6.56462,26.772,0.805692,0.192154,0.0649231
43650613,Muzzy Donohue,G,Golf,GOLF,,6000,0,33.48,38.3316,33.48,5.58,0.14,0.1119350201496972,0,100,,,33.4821,23.5,28,34,54.5,73.5,87.01,31.9075,20,26.5,34.8,51.1,77,93.2,27.81,16.8,23.8,31.1,44.3,69.6,82.7,,,,,,,,17.26,19.54,18.31,,,,0.00523077,0.00230769,0.000923077,0.0%,0.156923,2026-07-23T14:01:00,0.155077,7.46569,6.60831,26.478,0.809077,0.174154,0.0636923
43654948,Ryan Brehm,G,Golf,GOLF,,6200,0,33.26,37.1903,33.26,5.364516129032258,0.08,0.06868622777045819,0,100,,,33.2631,23.5,28.5,34,53,72.5,87.5,31.7082,19.7,26.5,34.82,50.1,75.3,93.6,27.5915,16.7,23.8,31.1,43.16,68.5,82.8,,,,,,,,16.92,19.13,17.97,,,,0.00584615,0.00123077,0.000307692,0.0%,0.155231,2026-07-23T07:07:00,0.153231,7.43323,6.63215,26.4238,0.810308,0.159538,0.0623077
43650611,Sihan Sandhu,G,Golf,GOLF,,6000,0,32.82,38.3696,32.82,5.47,0.1,0.12495897917710526,0,100,,,32.824,23.5,28,33.5,41.5,72.5,87,31.2565,19.8,26.4,34.4,42.92,75.5,93.4,27.1408,16.7,23.8,30.6,36.72,68.4,82.3,,,,,,,,16.61,18.8,17.73,,,,0.00569231,0.00107692,0.000153846,0.0%,0.144923,2026-07-23T14:01:00,0.152154,7.31138,6.57769,26.2365,0.803846,0.163385,0.0578462
43650567,Seung-Yul Noh,G,Golf,GOLF,OUT,6600,0,0,,0,0,0,0,0,100,,,0,0,0,0,0,0,0,0,0,0,0,0,0,0,,0,0,0,0,0,0,,,,,,,,,,,,,,,,,0.0%,,,,,,,,,
43650500,Jason Day,G,Golf,GOLF,OUT,7600,0,0,70.6971,0,0,0,0,0,100,,,0,0,0,0,0,0,0,0,0,0,0,0,0,0,,0,0,0,0,0,0,,,,,,,,,,,,,,,,,0.0%,,,,,,,,,