DFS ID,Name,Pos,Team,Opp,Status,Salary,Actual,SS Proj,Live Proj,My Proj,Value,My Own,Adj Own,Min Exp,Max Exp,Saber Team,Saber Total,dk_points,dk_25_percentile,dk_50_percentile,dk_75_percentile,dk_85_percentile,dk_95_percentile,dk_99_percentile,fd_points,fd_25_percentile,fd_50_percentile,fd_75_percentile,fd_85_percentile,fd_95_percentile,fd_99_percentile,yahoo_points,yahoo_25_percentile,yahoo_50_percentile,yahoo_75_percentile,yahoo_85_percentile,yahoo_95_percentile,yahoo_99_percentile,ob_points,ob_25_percentile,ob_50_percentile,ob_75_percentile,ob_85_percentile,ob_95_percentile,ob_99_percentile,dk_std,fd_std,yahoo_std,ob_std,Ldr Pos,Score,Top 20,Top 10,Top 5,Win%,Make Cut %,Tee Time,Eagles,Birdies,Bogeys,Pars,Dbl Bogeys,Birdie Streaks,Bogey Free Rounds
43746486,Cameron Young,G,Golf,GOLF,,10400,0,83.68,,83.68,8.046153846153848,42,35.19141354643956,0,100,,,83.6759,67.5,86.5,106,117.5,136.5,150,87.4297,67.5,90.8,112.7,125.92,145.4,161,77.8302,60.6,81.5,99.8,109.9,130.31,145.9,,,,,,,,33.26,36.89,32.91,,,,0.521231,0.362154,0.247231,7.8%,0.803077,2026-08-06T07:45:00,0.527231,16.8938,6.99231,39.7451,0.648154,0.695692,0.368615
43746494,Maverick McNealy,G,Golf,GOLF,,9000,0,77.7,,77.7,8.633333333333333,35.72,35.55446098715643,0,100,,,77.7028,55.5,82.5,100.5,110.5,128.5,145.01,80.8473,51.7,86.1,106.5,118.1,136.8,156.2,72.0092,45.3,77,95.1,103.8,121.1,141.8,,,,,,,,32.85,36.48,32.57,,,,0.462154,0.310308,0.187692,4.2%,0.757385,2026-08-06T07:34:00,0.484769,15.8852,7.07923,39.0415,0.670615,0.606615,0.328462
43746490,Justin Thomas,G,Golf,GOLF,,9400,0,77.03,,77.03,8.19468085106383,28.98,29.70593007167785,0,100,,,77.0276,53.5,82,100,110,126.5,144,79.9928,49.48,85.1,105.8,116.92,134.71,155,71.341,43.1,76.5,94.52,103.6,118.9,140,,,,,,,,32.61,36.19,32.31,,,,0.458462,0.301077,0.183385,3.6%,0.754,2026-08-06T07:45:00,0.469077,15.7951,7.15015,38.978,0.653231,0.604615,0.320769
43746497,Alex Fitzpatrick,G,Golf,GOLF,,8700,0,74.95,,74.95,8.614942528735632,28.29,35.49196680802811,0,100,,,74.9498,38,80,98,107.5,124.5,142.51,77.6689,39.2,82.8,103.6,114.5,133.8,153,69.327,34.2,74.4,93.1,101.6,117,137.6,,,,,,,,32.59,36.09,32.27,,,,0.429231,0.276923,0.160615,3.1%,0.733846,2026-08-06T07:45:00,0.471231,15.3874,7.12892,38.6563,0.663077,0.574462,0.310308
43746506,Alex Noren,G,Golf,GOLF,,7900,0,74.42,,74.42,9.420253164556962,40.13,52.979820345356096,0,100,,,74.4237,37.5,79.5,97.5,107.5,124,143.5,76.9895,39.07,82.2,102.9,113.6,132.3,152.2,68.6396,33.6,73.7,92.12,100.6,115.91,136.7,,,,,,,,32.43,35.88,32.08,,,,0.409692,0.268154,0.157846,3%,0.731231,2026-08-06T13:05:00,0.458462,15.3577,7.22015,38.5057,0.673231,0.571538,0.289385
43746496,Aaron Rai,G,Golf,GOLF,,8800,0,73.67,,73.67,8.37159090909091,22.57,27.719468432289766,0,100,,,73.6693,37,79,96.62,106.5,123.5,141,76.2282,37.9,81.5,102,113.3,131.7,151.9,68.0485,33,73.2,91.4,100.6,115.9,135.41,,,,,,,,32.33,35.86,32.06,,,,0.414,0.256,0.151231,2.7%,0.725538,2026-08-06T08:07:00,0.454615,15.2002,7.21462,38.4843,0.662,0.564769,0.297385
43746487,Jackson Koivun,G,Golf,GOLF,,10100,0,72.83,,72.83,7.210891089108911,10.01,11.006219300301762,0,100,,,72.8258,37,77,93.5,103.5,123,142.51,75.3058,39.2,79.8,98.3,110,131.01,151.8,67.0399,33.6,71.5,88.1,98.1,114.9,137.9,,,,,,,,31.38,34.66,31.04,,,,0.351846,0.207846,0.131692,2.5%,0.726923,2026-08-06T12:54:00,0.446308,15.1732,7.23246,38.4922,0.708923,0.555385,0.281846
43746493,Ben Griffin,G,Golf,GOLF,,9100,0,72.54,,72.54,7.971428571428572,16.63,19.691085144114624,0,100,,,72.5431,36,77,94.5,104.5,122.5,141.5,75.0108,37.4,79.9,99.6,111.3,131.3,152.4,66.864,32.4,71.4,89.5,98.61,115,137.8,,,,,,,,31.98,35.36,31.67,,,,0.37,0.217692,0.134923,2.8%,0.716615,2026-08-06T13:16:00,0.448154,15.0715,7.22738,38.2511,0.690769,0.551077,0.282769
43746489,Hideki Matsuyama,G,Golf,GOLF,,9500,0,72.1,,72.1,7.589473684210526,12.79,14.541302512463155,0,100,,,72.1018,36.5,77,93.5,103.5,122,141.01,74.4418,37.48,79.1,98.3,109.4,130.2,151.7,66.2866,32.4,70.8,87.9,98,115.2,137.2,,,,,,,,31.63,34.88,31.29,,,,0.346615,0.199231,0.122769,2.7%,0.715231,2026-08-06T12:54:00,0.432923,15.0729,7.23938,38.1725,0.712615,0.562154,0.276615
43746511,Alex Smalley,G,Golf,GOLF,,7600,0,70.1,,70.1,9.223684210526315,27.07,35.08117689232299,0,100,,,70.1042,33.5,75,93.5,104,120.5,136.51,72.1922,34.4,76.6,98.8,110.1,128.11,147.11,64.3647,30.35,68.9,88.8,97.8,112.5,131.41,,,,,,,,32.09,35.53,31.81,,,,0.357385,0.218308,0.125231,1.8%,0.693538,2026-08-06T13:16:00,0.429231,14.5665,7.28569,37.8872,0.690308,0.521846,0.265846
43746505,Keith Mitchell,G,Golf,GOLF,,7900,0,69.94,,69.94,8.853164556962025,20.14,24.91577910523258,0,100,,,69.9437,33.5,75,93.5,103,120,139,71.9957,34.2,76.75,98.2,109.42,128,148.2,64.2189,30,69.1,88.4,97.32,112.1,132.8,,,,,,,,32.22,35.62,31.91,,,,0.354615,0.224,0.122308,2.1%,0.686154,2026-08-06T12:21:00,0.414615,14.5897,7.23646,37.6478,0.706462,0.525231,0.262308
43746491,Ryan Gerard,G,Golf,GOLF,,9300,0,69.65,,69.65,7.489247311827958,9.38,10.352292884730664,0,100,,,69.6529,34,74.5,92.5,101.5,119,139.5,71.6736,34.77,76.3,96.6,108,126.7,150.3,63.8994,30.5,68.4,86.8,96.2,110.9,136,,,,,,,,31.59,34.95,31.37,,,,0.332154,0.189692,0.111846,2.4%,0.694308,2026-08-06T13:05:00,0.423538,14.5614,7.26277,37.9086,0.725385,0.505846,0.254923
43746492,Tom Kim,G,Golf,GOLF,,9200,0,68.54,,68.54,7.450000000000001,8.52,9.329155514620034,0,100,,,68.539,32.5,73.5,92.5,101.5,118.5,137.5,70.5034,33.2,75.3,96.7,107.5,127.1,148,63.0155,28.97,68,87.2,96.9,112.2,133.1,,,,,,,,32.11,35.46,32.01,,,,0.344769,0.206769,0.112923,2.3%,0.670308,2026-08-06T08:07:00,0.42,14.2477,7.18723,37.4778,0.685077,0.491846,0.262462
43746499,Brooks Koepka,G,Golf,GOLF,,8500,0,68.29,,68.29,8.034117647058823,10.78,12.17021376648213,0,100,,,68.2912,33,73,91.5,101,117,134.51,70.2107,33.3,75.15,96.4,107.01,125.1,145.3,62.6633,29.4,67.2,86.6,95.7,109.5,129,,,,,,,,31.46,34.85,31.25,,,,0.326154,0.196462,0.108923,1.5%,0.678308,2026-08-06T07:56:00,0.415231,14.2982,7.33769,37.5529,0.705538,0.499385,0.261846
43746508,Blades Brown,G,Golf,GOLF,,7800,0,67.7,,67.7,8.67948717948718,14.62,17.335400358709176,0,100,,,67.699,32.5,72.5,91.5,101.5,118,138.5,69.4941,32.5,74,96.2,107.21,126.1,147.4,62.0192,28.7,66.6,86.4,95.82,110.8,131.5,,,,,,,,32.14,35.51,31.87,,,,0.324154,0.197231,0.11,1.7%,0.662923,2026-08-06T14:00:00,0.405692,14.1538,7.27892,37.2185,0.696,0.490308,0.252462
43746518,Bud Cauley,G,Golf,GOLF,,7400,0,67.66,,67.66,9.143243243243242,18.18,22.16615169132025,0,100,,,67.6572,32.5,73,90.5,100,117,133.5,69.4337,33.07,74.15,95.1,105.6,124.4,143.3,61.9974,29.3,66.6,85.33,94.5,109.7,127.4,,,,,,,,31.17,34.46,30.98,,,,0.321077,0.182615,0.100923,1.4%,0.675231,2026-08-06T07:56:00,0.407231,14.1908,7.32615,37.5585,0.708154,0.477385,0.245385
43746516,J.T. Poston,G,Golf,GOLF,,7400,0,67.4,,67.4,9.108108108108109,18.83,23.285835903870318,0,100,,,67.3966,32,72,90.5,101.5,117.5,136.51,69.1661,32.38,73.5,95.1,107.4,125.8,145.6,61.7732,28.8,66,85.8,96.2,110.31,129.3,,,,,,,,31.87,35.23,31.58,,,,0.322923,0.195077,0.105538,1.7%,0.663385,2026-08-06T08:07:00,0.401538,14.1146,7.28938,37.2743,0.693385,0.488769,0.234615
43746502,Brian Harman,G,Golf,GOLF,,8200,0,66.73,,66.73,8.137804878048781,10.59,11.958202052700537,0,100,,,66.7331,32,71.5,90.5,99.5,116,136.01,68.5024,32.4,72.95,95.1,105.7,124.81,145.2,61.151,28.6,65.9,85.3,94.9,109.2,129,,,,,,,,31.53,34.89,31.33,,,,0.311692,0.183077,0.100769,1.5%,0.657692,2026-08-06T12:54:00,0.390769,14.0248,7.31708,37.1402,0.696308,0.472769,0.247231
43746501,Harris English,G,Golf,GOLF,,8300,0,66.18,,66.18,7.973493975903615,7.32,7.808535295581116,0,100,,,66.1822,32.5,71.5,88,97,114,134,67.8737,33.07,73.2,92,102.21,121.3,143.6,60.5845,28.9,65.9,82.3,91.4,107.3,128.4,,,,,,,,30.26,33.4,30.02,,,,0.271077,0.139077,0.0789231,1.3%,0.663846,2026-08-06T07:23:00,0.393846,13.9932,7.32538,37.3569,0.714154,0.458923,0.232769
43746524,Sahith Theegala,G,Golf,GOLF,,7300,0,65.77,,65.77,9.009589041095891,13.07,15.17849321325377,0,100,,,65.7689,32,71,89,98,115,134.51,67.3078,31.5,71.7,93.3,103.6,122.41,142.9,60.062,28.2,64.7,84.2,92.8,108.5,127.6,,,,,,,,31.21,34.49,31.09,,,,0.288615,0.169538,0.0912308,1.5%,0.651385,2026-08-06T12:54:00,0.403538,13.8337,7.38477,36.998,0.714769,0.47,0.226462
43746495,Keegan Bradley,G,Golf,GOLF,,8900,0,65.5,,65.5,7.359550561797753,5.44,5.559366549244806,0,100,,,65.4992,32.5,71,87,96.5,114.5,135,67.1366,32.9,71.9,91.1,102,122.01,144.7,59.7949,28.7,64.8,81.6,90.8,107,128.51,,,,,,,,30.5,33.59,30.14,,,,0.247692,0.136923,0.0823077,1.5%,0.652308,2026-08-06T07:56:00,0.393077,13.8772,7.37662,36.9955,0.719231,0.467231,0.226769
43746535,Jason Day,G,Golf,GOLF,,7200,0,65.43,,65.43,9.0875,14.31,16.92876268211675,0,100,,,65.4334,31.5,70.5,89,98.57,116,133.5,66.9954,31.4,71.3,93,104.8,123.91,143.2,59.8337,27.7,64.7,84,93.6,109.1,127.1,,,,,,,,31.65,34.96,31.52,,,,0.298923,0.173231,0.0930769,1.4%,0.640154,2026-08-06T13:05:00,0.392,13.7212,7.25677,36.8589,0.702923,0.464,0.238923
43746527,Sepp Straka,G,Golf,GOLF,,7300,0,64.71,,64.71,8.864383561643836,10.97,12.465973623149948,0,100,,,64.7141,31.5,68.5,88,98,115.5,134.5,66.1751,31.2,69.4,92.3,103.1,123.7,143.4,59.0857,27.6,62.9,83,93.01,108.6,128.2,,,,,,,,31.37,34.65,31.17,,,,0.280769,0.162154,0.0861538,1.3%,0.635385,2026-08-06T13:16:00,0.388923,13.6155,7.30831,36.7362,0.713692,0.451231,0.224769
43746503,Mac Meissner,G,Golf,GOLF,,8100,0,64.15,,64.15,7.919753086419753,6.44,6.741060233204472,0,100,,,64.1493,31.5,70,86.5,94.5,111.5,131,65.5559,31.8,70.2,90,99.6,118.7,139.9,58.4534,28.2,63.6,80.9,89.4,105,123.3,,,,,,,,30.05,33.14,29.78,,,,0.245385,0.124308,0.0681538,1%,0.639692,2026-08-06T07:01:00,0.381077,13.6212,7.37908,36.7974,0.728154,0.455231,0.223231
43746500,Davis Thompson,G,Golf,GOLF,,8400,0,63.46,,63.46,7.5547619047619055,4.73,4.74817620596092,0,100,,,63.4635,31,68.5,86,95,113,132.01,64.8264,30.8,69,89.9,100,120.5,142.7,57.8089,27.6,62.2,80.5,89.9,106.1,127.4,,,,,,,,30.54,33.64,30.27,,,,0.238462,0.129846,0.074,1.4%,0.624615,2026-08-06T07:34:00,0.368,13.458,7.31969,36.504,0.714154,0.444,0.220154
43746513,Jordan L. Smith,G,Golf,GOLF,,7500,0,63.43,,63.43,8.457333333333334,6.97,7.391055109920766,0,100,,,63.4284,31,68.5,86,95,111.5,132.5,64.8263,30.6,69.3,90.22,100.3,119.5,143,57.7943,27.5,61.95,80.52,90.1,105.5,126.61,,,,,,,,30.46,33.7,30.32,,,,0.243538,0.125077,0.0707692,1.1%,0.627538,2026-08-06T06:50:00,0.371692,13.4674,7.37277,36.544,0.716308,0.441231,0.222462
43746507,Doug Ghim,G,Golf,GOLF,,7800,0,61.66,,61.66,7.9051282051282055,4.21,4.16303389674992,0,100,,,61.6568,30.5,67,83.5,92,110,130.5,62.8079,30.4,66.9,87.3,97.01,116.9,139.4,55.9743,26.9,60.5,78.2,87,103.2,123.2,,,,,,,,29.82,32.87,29.67,,,,0.21,0.105538,0.0583077,0.9%,0.611846,2026-08-06T12:10:00,0.366769,13.1472,7.38538,36.2551,0.748308,0.409385,0.208308
43746526,Rasmus Neergaard-Petersen,G,Golf,GOLF,,7300,0,61.48,,61.48,8.421917808219177,4.82,4.8513911992149215,0,100,,,61.4849,30.5,66.5,84.12,93,108.5,130.5,62.5164,30.1,65.6,87.83,97.9,116.31,139.2,55.7998,26.9,59.9,78.6,88.3,103.1,123.4,,,,,,,,29.92,33.02,29.83,,,,0.220154,0.111692,0.0607692,0.9%,0.606615,2026-08-06T08:40:00,0.362,13.1052,7.38677,36.1271,0.744154,0.419231,0.199231
43746523,Ryo Hisatsune,G,Golf,GOLF,,7300,0,61.44,,61.44,8.416438356164383,4.33,4.292151805954088,0,100,,,61.4425,30.5,66.75,84,93,109.5,130,62.5429,29.8,66.5,87.7,97.8,117.2,139,55.7308,26.9,60,78.7,87.7,103.8,122.4,,,,,,,,30.05,33.2,29.92,,,,0.225692,0.114,0.0610769,0.9%,0.601385,2026-08-06T13:27:00,0.377231,13.0783,7.37692,35.9465,0.748308,0.417077,0.198769
43746514,Matt Wallace,G,Golf,GOLF,,7500,0,61.39,,61.39,8.185333333333332,4.09,4.023149072905854,0,100,,,61.3922,30.5,67,83,91.5,108,129.5,62.4831,30.4,66.9,86.6,96,115,138.6,55.633,26.9,60.35,77.4,86.4,102,122.1,,,,,,,,29.42,32.37,29.19,,,,0.193077,0.0961538,0.0544615,1%,0.608923,2026-08-06T12:21:00,0.363231,13.1632,7.41308,36.1008,0.752923,0.421231,0.191231
43746520,Eric Cole,G,Golf,GOLF,,7400,0,61.35,,61.35,8.29054054054054,4.64,4.6448922514250475,0,100,,,61.3486,30.5,67,83.5,92.07,108.5,129.51,62.5067,30,66.4,87,97,115.4,139.3,55.675,26.8,59.8,77.9,86.5,102.81,122.8,,,,,,,,29.62,32.71,29.43,,,,0.2,0.100923,0.0543077,1%,0.607846,2026-08-06T13:38:00,0.359846,13.1194,7.416,36.1292,0.740154,0.425538,0.196923
43746509,Sungjae Im,G,Golf,GOLF,,7700,0,61.34,,61.34,7.966233766233767,4.29,4.252538640382442,0,100,,,61.3441,30.5,66.5,84,93,110.5,130.51,62.4477,29.5,66.2,87.02,98,118,141,55.688,26.4,59.8,78.1,87.9,104.7,123.7,,,,,,,,30.22,33.39,30.1,,,,0.221077,0.117077,0.0624615,1%,0.602615,2026-08-06T07:34:00,0.354308,13.0698,7.38892,36.0386,0.722,0.417692,0.202462
43746498,Michael Brennan,G,Golf,GOLF,,8600,0,61.16,,61.16,7.111627906976744,3.87,3.771547390521989,0,100,,,61.162,30,66,84,94,112,132.01,62.3031,29,65.35,87.8,98.6,119.1,141.1,55.544,25.8,58.8,79.2,88.8,105.6,125.2,,,,,,,,30.79,34.01,30.66,,,,0.231385,0.125231,0.068,1.1%,0.591538,2026-08-06T07:23:00,0.352923,13.002,7.33785,35.7634,0.720462,0.423538,0.214462
43746522,Michael Kim,G,Golf,GOLF,,7300,0,61.06,,61.06,8.364383561643836,4.39,4.361675085532153,0,100,,,61.0606,31,66,83,91.5,108.5,129.5,62.1322,30.6,65.4,86.7,96.3,115.81,138.6,55.3464,27,58.9,77.6,86.5,102.4,123.2,,,,,,,,29.49,32.5,29.26,,,,0.195385,0.100308,0.0555385,0.9%,0.602308,2026-08-06T12:32:00,0.353846,13.0625,7.37354,36.024,0.740615,0.427231,0.200769
43746519,Benjamin James,G,Golf,GOLF,,7400,0,60.08,,60.08,8.118918918918919,3.38,3.2390904641608835,0,100,,,60.0846,30.5,65,82.5,91,106.5,127.01,60.9703,29.5,64.5,85.5,95.32,113,135.1,54.4081,26.4,58.7,76.8,85.21,100.91,118.6,,,,,,,,29.22,32.15,29.01,,,,0.186615,0.0950769,0.0464615,0.7%,0.592769,2026-08-06T13:49:00,0.36,12.8406,7.378,35.8903,0.749538,0.400154,0.193077
43746528,Nick Taylor,G,Golf,GOLF,,7300,0,60.01,,60.01,8.22054794520548,3.28,3.1411332552105464,0,100,,,60.0148,30.5,65.75,81.5,89,105.5,126.5,60.8989,29.6,64.85,84.8,93.21,112.2,134.1,54.2921,26.4,58.7,76,83.42,100.1,119,,,,,,,,28.68,31.48,28.42,,,,0.166154,0.0772308,0.044,0.7%,0.598769,2026-08-06T12:43:00,0.353692,12.8892,7.41277,36.0094,0.765692,0.405385,0.194615
43746510,Ben Kohles,G,Golf,GOLF,,7700,0,59.68,,59.68,7.750649350649351,2.68,2.4858745402605575,0,100,,,59.6823,30,65.5,82,90,105.5,124.5,60.6242,29.4,64.4,85.3,95.01,111.6,133.5,53.9415,26.2,58.1,76.2,84.6,99.5,118.2,,,,,,,,29,31.98,28.77,,,,0.177077,0.0786154,0.0432308,0.7%,0.589231,2026-08-06T08:29:00,0.334923,12.8472,7.37231,35.7689,0.768769,0.394308,0.194615
43746515,Christiaan Bezuidenhout,G,Golf,GOLF,,7500,0,59.51,,59.51,7.934666666666666,2.61,2.4189496427934456,0,100,,,59.5089,30.5,65,81,89.5,104.5,126,60.2674,29.6,64,84.2,93.42,110.5,136.31,53.7977,26.4,58.1,75.6,83.4,98.81,119.5,,,,,,,,28.76,31.57,28.47,,,,0.166462,0.0761538,0.0446154,0.6%,0.592154,2026-08-06T08:18:00,0.351538,12.7749,7.43369,35.8811,0.759077,0.397692,0.187692
43746504,Jordan Spieth,G,Golf,GOLF,,8000,0,58.94,,58.94,7.3675,2.46,2.253162686220825,0,100,,,58.9362,30,64.5,81,89,104,126,59.7579,29.1,63.4,83.9,93.42,110.1,133.8,53.2523,25.8,57.5,75.5,83.6,98.4,118.4,,,,,,,,28.77,31.58,28.57,,,,0.165692,0.0778462,0.0418462,0.7%,0.58,2026-08-06T13:05:00,0.340462,12.6606,7.36246,35.6351,0.756154,0.399231,0.187385
43746521,Max Greyserman,G,Golf,GOLF,,7400,0,58.75,,58.75,7.9391891891891895,2.54,2.3249098402832455,0,100,,,58.7545,29.5,63,81,91,107.5,125,59.6018,28.7,61.3,84.6,95.42,114.91,134.8,53.1075,25.7,55.2,75.6,85.3,102.4,119.2,,,,,,,,29.55,32.58,29.42,,,,0.190615,0.0966154,0.0513846,0.6%,0.570154,2026-08-06T12:32:00,0.337385,12.5868,7.37215,35.3691,0.732615,0.381692,0.188769
43746532,Denny McCarthy,G,Golf,GOLF,,7200,0,58.65,,58.65,8.145833333333334,2.33,2.116244376799391,0,100,,,58.6457,30,63.5,81.5,89.5,104.5,122.5,59.4122,28.8,62.3,84.4,94.1,110.41,131.5,52.9334,25.7,56.3,75.5,84,98.91,115,,,,,,,,28.93,31.74,28.64,,,,0.173692,0.0798462,0.0404615,0.6%,0.573077,2026-08-06T07:12:00,0.334,12.6137,7.36892,35.4446,0.744923,0.392,0.176769
43746529,Marco Penge,G,Golf,GOLF,,7200,0,58.16,,58.16,8.077777777777778,2.51,2.308640201106392,0,100,,,58.1606,29.5,62.5,81,89.57,105.5,126.5,58.8425,28.47,60.7,84.1,93.6,111.91,136,52.4633,25.2,54.9,75.3,84.6,99.5,119.3,,,,,,,,29.28,32.17,29.12,,,,0.174154,0.0853846,0.0447692,0.7%,0.561231,2026-08-06T08:29:00,0.347846,12.4592,7.34385,35.1798,0.748308,0.384308,0.179231
43746533,Jackson Suber,G,Golf,GOLF,,7200,0,58,,58,8.055555555555555,2.77,2.580121141545587,0,100,,,58.0047,29.5,61.5,80.5,90.5,106.5,127.51,58.6434,28.2,59.45,83.7,94.8,113.1,136,52.3171,25.2,53.8,75.1,85.3,101.5,120.2,,,,,,,,29.64,32.6,29.59,,,,0.195231,0.0987692,0.0495385,0.8%,0.558462,2026-08-06T08:40:00,0.343846,12.3866,7.36477,35.1385,0.751385,0.372923,0.181231
43746530,Pierceson Coody,G,Golf,GOLF,,7200,0,57.76,,57.76,8.022222222222222,1.8,1.5886172604309747,0,100,,,57.7555,29.5,62.5,79.5,87.5,103.5,124,58.4564,28.6,60.65,82.5,92.1,110.21,133.1,52.1394,25.7,55.1,74.3,82.32,99.2,117.3,,,,,,,,28.58,31.44,28.44,,,,0.151846,0.0741538,0.0384615,0.6%,0.565231,2026-08-06T07:01:00,0.336,12.4328,7.40477,35.304,0.748615,0.375538,0.184
43746537,Kevin Yu,G,Golf,GOLF,,7100,0,57.66,,57.66,8.12112676056338,2.31,2.0989151887794564,0,100,,,57.6597,29.5,61.5,80.5,88.5,104.52,126.5,58.2501,28.1,59.9,83.1,93.1,111.1,134.7,51.87,25.2,53.9,74.5,83.4,99.3,118.2,,,,,,,,29.06,32.01,28.9,,,,0.162923,0.0798462,0.042,0.6%,0.559231,2026-08-06T07:45:00,0.334923,12.4002,7.40569,35.1032,0.767846,0.384462,0.174923
43746559,Sam Stevens,G,Golf,GOLF,,6900,0,57.63,,57.63,8.352173913043478,2.27,2.053981712731563,0,100,,,57.6275,29.5,61.5,80,89.5,104.5,122.5,58.2495,28.2,59.7,82.93,94.01,111.5,131.6,51.9669,25.2,53.9,74.5,84.6,99.3,115.8,,,,,,,,29.09,32.01,28.99,,,,0.174769,0.0843077,0.0432308,0.5%,0.557846,2026-08-06T07:12:00,0.329692,12.3712,7.35046,35.1617,0.750769,0.373231,0.177692
43746548,Harry Hall,G,Golf,GOLF,,7000,0,57.6,,57.6,8.22857142857143,1.82,1.6105866773611008,0,100,,,57.5979,29.5,63,80,87,101.5,124.5,58.1993,28.4,61.5,82.6,91.1,106.5,133.1,51.8823,25.6,55.6,74,81.5,95.2,117.4,,,,,,,,28.16,30.88,27.84,,,,0.132462,0.0583077,0.0338462,0.5%,0.569231,2026-08-06T13:05:00,0.338615,12.4151,7.43969,35.4198,0.752923,0.376923,0.175231
43746525,Emiliano Grillo,G,Golf,GOLF,,7300,0,57.35,,57.35,7.856164383561644,2.24,2.0211841313069656,0,100,,,57.3535,29,62,80,88.5,104.5,121.51,58.0221,27.77,60.2,83.1,93.1,110.91,130.1,51.6927,25.1,54.4,74.33,83.5,99,114.01,,,,,,,,28.85,31.76,28.72,,,,0.162923,0.0790769,0.0401538,0.5%,0.558923,2026-08-06T13:38:00,0.338923,12.3311,7.44538,35.144,0.736,0.372308,0.168615
43746552,Andrew Novak,G,Golf,GOLF,,6900,0,57.06,,57.06,8.269565217391305,2.23,2.0108632870928473,0,100,,,57.0568,29,60,80.5,90,106,125,57.7052,27.5,57.1,83.6,94.4,112.91,133.7,51.3569,24.6,51.1,75,84.21,100,117.3,,,,,,,,29.55,32.58,29.45,,,,0.184,0.0870769,0.0461538,0.7%,0.544,2026-08-06T12:43:00,0.326769,12.2529,7.39892,34.7429,0.731692,0.379846,0.179077
43746540,Ricky Castillo,G,Golf,GOLF,,7100,0,57.06,,57.06,8.03661971830986,1.65,1.429592113385612,0,100,,,57.0644,29.5,61.5,79.5,87.5,103.5,123,57.7032,28.2,58.85,82.3,92.1,109.7,132.3,51.4034,25.2,53.4,73.8,82.3,98.2,116.9,,,,,,,,28.59,31.5,28.54,,,,0.153538,0.0704615,0.0355385,0.6%,0.553231,2026-08-06T07:56:00,0.330462,12.2854,7.38769,35.0365,0.756,0.373538,0.181692
43746553,Matthew McCarty,G,Golf,GOLF,,6900,0,56.77,,56.77,8.227536231884057,1.4,1.1939677683251055,0,100,,,56.7713,29.5,61.5,78.5,86.5,102,122.5,57.3713,28.2,59.3,81.5,90.9,108.31,131,51.1014,25.2,53.9,73.2,81.1,96.9,116.1,,,,,,,,28.12,30.9,27.97,,,,0.128615,0.0609231,0.0336923,0.4%,0.556923,2026-08-06T08:07:00,0.324615,12.2674,7.44215,35.1411,0.744,0.368154,0.174462
43746549,Lee Hodges,G,Golf,GOLF,,7000,0,56.74,,56.74,8.105714285714285,1.58,1.3653119038035997,0,100,,,56.7446,29.5,61,79,87.57,103,123,57.3017,28.1,58.15,82.1,91.9,108.5,130.9,51.1133,25.2,52.7,73.72,82.2,97.31,115.2,,,,,,,,28.51,31.32,28.39,,,,0.155692,0.0729231,0.0341538,0.5%,0.547538,2026-08-06T13:38:00,0.335231,12.2271,7.39477,34.8825,0.748615,0.364154,0.166462
43746573,Zecheng Dou,G,Golf,GOLF,,6700,0,56.5,,56.5,8.432835820895523,2.11,1.8877175727665838,0,100,,,56.5039,29,60,79.5,88.5,103,123,56.9352,27.4,57.15,82.5,92.4,109.6,131.7,50.7402,24.6,51.5,73.8,82.4,97.9,114.8,,,,,,,,28.94,31.86,28.76,,,,0.162769,0.0743077,0.0390769,0.4%,0.542308,2026-08-06T08:51:00,0.324769,12.1526,7.37308,34.7957,0.761385,0.372615,0.166308
43746512,Rasmus Hojgaard,G,Golf,GOLF,,7600,0,56.38,,56.38,7.4184210526315795,1.69,1.4800357913197628,0,100,,,56.3827,29.5,60.75,78,86,99.5,122.5,56.8364,28.3,58.25,81,89.8,105.5,130.6,50.7087,25.2,52.7,72.5,80,94.5,114.4,,,,,,,,27.75,30.33,27.4,,,,0.119231,0.0535385,0.0292308,0.5%,0.549077,2026-08-06T12:10:00,0.337385,12.1772,7.44523,34.938,0.748154,0.367692,0.163231
43746531,Johnny Keefer,G,Golf,GOLF,,7200,0,56.29,,56.29,7.8180555555555555,1.73,1.511948773546409,0,100,,,56.2854,29,59.5,78.5,86.5,103,124.5,56.7219,27.6,57,80.9,90.8,108.8,133.2,50.5349,25.1,51.5,72.6,81.2,97.5,116.6,,,,,,,,28.46,31.26,28.22,,,,0.147385,0.0709231,0.0386154,0.5%,0.543077,2026-08-06T14:00:00,0.322154,12.1272,7.38123,34.8338,0.760615,0.374154,0.163077
43746539,Tony Finau,G,Golf,GOLF,,7100,0,56.26,,56.26,7.923943661971831,2.13,1.8976638968310617,0,100,,,56.2608,28.5,58.75,79.5,88.5,104,123,56.6883,27.18,55.55,82,92.8,109.81,132,50.5201,24.5,49.6,73.9,83.4,99,116.3,,,,,,,,29.09,32.03,29.09,,,,0.171846,0.0833846,0.042,0.5%,0.539231,2026-08-06T07:23:00,0.337385,12.0652,7.41108,34.7106,0.767231,0.356308,0.169385
43746545,Zachary Bauchou,G,Golf,GOLF,,7000,0,56.17,,56.17,8.024285714285714,1.79,1.5725649524949226,0,100,,,56.1656,29.5,60,78.5,86.5,102.5,121,56.6987,28.1,56.9,81.5,91.1,108.5,129.6,50.4473,25.1,51.15,72.8,81,96.7,114.6,,,,,,,,28.24,31.03,28.05,,,,0.142615,0.0672308,0.0352308,0.4%,0.541538,2026-08-06T14:00:00,0.324154,12.1306,7.42031,34.7432,0.749692,0.370615,0.163077
43746551,Mackenzie Hughes,G,Golf,GOLF,,7000,0,56.04,,56.04,8.005714285714285,2.08,1.858888331695612,0,100,,,56.0431,29,58,78.5,88,103.5,123,56.5576,27.7,54.9,81.83,92,110.4,131.7,50.3431,24.6,49,72.9,82.8,98.31,116,,,,,,,,28.75,31.66,28.74,,,,0.155231,0.0750769,0.0370769,0.5%,0.533846,2026-08-06T12:10:00,0.325385,12.0862,7.38615,34.5388,0.757692,0.360154,0.170615
43746517,Chris Kirk,G,Golf,GOLF,,7400,0,56,,56,7.5675675675675675,1.65,1.4277302007602997,0,100,,,55.9978,29,60,78,86.5,101,123,56.4255,27.4,57.3,80.6,90.1,107.6,129.1,50.2345,24.6,51.5,72.22,80.9,96.4,114.5,,,,,,,,28.12,30.89,28,,,,0.137385,0.06,0.0324615,0.4%,0.547846,2026-08-06T12:43:00,0.322154,12.0997,7.46431,34.9435,0.765077,0.345538,0.164308
43746563,William Mouw,G,Golf,GOLF,,6800,0,55.94,,55.94,8.226470588235294,1.98,1.7622992742884944,0,100,,,55.9408,29,58,79,88,104.52,124.5,56.329,27,54.4,81.4,92.2,110.9,134.3,50.2,24.5,49.05,73.4,82.42,99.4,118.6,,,,,,,,29.07,32.05,29.06,,,,0.158308,0.0796923,0.0412308,0.7%,0.534154,2026-08-06T12:54:00,0.327846,12.0091,7.44262,34.5814,0.750923,0.365385,0.174
43746546,Max McGreevy,G,Golf,GOLF,,7000,0,55.87,,55.87,7.981428571428571,1.42,1.2084808839366334,0,100,,,55.8715,29.5,59,77.62,86.5,100.5,123,56.3,27.9,55.8,80.3,90.3,106.5,131.51,50.1384,25.1,50.3,72,80.6,95.7,115.2,,,,,,,,28.04,30.82,27.89,,,,0.139231,0.0616923,0.034,0.6%,0.541385,2026-08-06T13:27:00,0.313077,12.0711,7.43385,34.7949,0.753538,0.365846,0.163846
43746550,Beau Hossler,G,Golf,GOLF,,7000,0,55.75,,55.75,7.9642857142857135,1.47,1.254403046311462,0,100,,,55.7495,29,58.5,78.5,87,103,122.5,56.146,27.2,54.7,80.5,91.1,110.1,131.7,50.03,24.5,49,72.5,82.2,98.1,116.3,,,,,,,,28.64,31.49,28.64,,,,0.156308,0.074,0.0376923,0.5%,0.532923,2026-08-06T08:18:00,0.326923,11.9983,7.41154,34.5698,0.757077,0.361538,0.164923
43746534,Zac Blair,G,Golf,GOLF,,7200,0,55.33,,55.33,7.684722222222222,1.09,0.8991179602358838,0,100,,,55.3297,29,59.5,77.5,85,98,115,55.7132,27.9,56.5,80.2,88.4,103.5,123.4,49.6173,25.1,51,72,79.1,92.6,108.8,,,,,,,,27.15,29.74,26.94,,,,0.110154,0.042,0.02,0.3%,0.540615,2026-08-06T08:18:00,0.324308,12.0148,7.45492,34.7734,0.765231,0.344,0.154769
43746547,Nicolas Echavarria,G,Golf,GOLF,,7000,0,54.93,,54.93,7.847142857142856,1,0.8183669904354798,0,100,,,54.9274,29,58,77,85.5,99.5,119.01,55.202,27.58,54.3,79.7,89.1,105.31,127.4,49.2163,24.6,48.75,71.52,80,93.91,111,,,,,,,,27.55,30.2,27.43,,,,0.126308,0.0558462,0.0267692,0.3%,0.533692,2026-08-06T12:43:00,0.333077,11.8385,7.46615,34.6905,0.764,0.337692,0.157231
43746570,John Parry,G,Golf,GOLF,,6700,0,54.86,,54.86,8.188059701492538,1.26,1.0589462650500572,0,100,,,54.864,29,56.5,78,86.5,101,118,55.2035,27.2,52.4,80.6,89.92,106.9,127.5,49.1481,24.5,46.6,72.4,80.7,95.5,112.5,,,,,,,,28.05,30.79,27.92,,,,0.130769,0.0556923,0.0278462,0.3%,0.522154,2026-08-06T08:51:00,0.328615,11.8288,7.35708,34.3882,0.764308,0.345846,0.166615
43746538,Rico Hoey,G,Golf,GOLF,,7100,0,54.83,,54.83,7.722535211267605,1.18,0.9837288102962262,0,100,,,54.8291,29,57,76.5,85,101,121.01,55.1445,27.2,53.4,79.1,89,106.9,129.6,49.2344,24.5,48.4,71.2,79.71,96.31,114.3,,,,,,,,27.85,30.59,27.79,,,,0.129231,0.0606154,0.0316923,0.4%,0.527231,2026-08-06T07:12:00,0.325846,11.814,7.43015,34.5452,0.742769,0.339846,0.163385
43746562,Kris Ventura,G,Golf,GOLF,,6800,0,54.77,,54.77,8.054411764705883,0.95,0.7599807046845517,0,100,,,54.7707,28.5,58,77,85,99,120,55.0844,27,54.7,79.8,88.8,104.7,129,49.0562,24.5,47.95,71.83,79.8,93.6,113.2,,,,,,,,27.73,30.46,27.59,,,,0.116308,0.0515385,0.026,0.3%,0.527077,2026-08-06T08:51:00,0.323538,11.8457,7.43938,34.4845,0.750923,0.352923,0.154615
43746556,Stephan Jaeger,G,Golf,GOLF,,6900,0,54.37,,54.37,7.879710144927535,0.93,0.7527006005760474,0,100,,,54.3738,29,56,77,84.5,98.5,120,54.6148,27,51.6,79.22,88.51,103.9,127.5,48.659,24.5,45.4,71,79.3,93.9,112.3,,,,,,,,27.57,30.2,27.38,,,,0.116,0.0527692,0.0253846,0.3%,0.518615,2026-08-06T12:43:00,0.319846,11.7632,7.38769,34.3092,0.765077,0.347692,0.153077
43746541,Kevin Roy,G,Golf,GOLF,,7100,0,54.19,,54.19,7.6323943661971825,1.37,1.1574309815060435,0,100,,,54.1933,28.5,53.25,76.5,85.57,101.52,122,54.3876,26.6,48.5,79.3,90,106.81,128.8,48.4419,24,42.35,71.1,80.42,96.2,113.21,,,,,,,,28.19,30.97,28.09,,,,0.139385,0.0666154,0.0309231,0.3%,0.514154,2026-08-06T07:12:00,0.311231,11.6769,7.37385,34.2577,0.772,0.342,0.157538
43746543,Taylor Pendrith,G,Golf,GOLF,,7100,0,54.05,,54.05,7.612676056338028,1,0.8104958521095446,0,100,,,54.0473,28.5,53.5,76.5,85,99.52,119.51,54.1834,26.8,49.05,79,88.3,105.1,127.4,48.3254,24,42.7,70.9,79.4,94.5,111.5,,,,,,,,27.7,30.31,27.52,,,,0.128769,0.0584615,0.0292308,0.3%,0.511231,2026-08-06T07:23:00,0.316308,11.6937,7.43154,34.0886,0.756615,0.348462,0.148308
43746565,Matti Schmid,G,Golf,GOLF,,6800,0,54.02,,54.02,7.944117647058824,1.07,0.8771261131361354,0,100,,,54.0235,28.38,54,76.5,85.5,100.52,120,54.2705,26.5,49.5,79.2,89.1,106.5,129,48.3012,23.9,43.4,71.4,79.8,95.6,112.21,,,,,,,,28.12,30.9,28.03,,,,0.134154,0.0607692,0.0323077,0.5%,0.513077,2026-08-06T06:50:00,0.306769,11.6549,7.39338,34.2362,0.752462,0.337231,0.157846
43746568,Andrew Putnam,G,Golf,GOLF,,6700,0,53.94,,53.94,8.050746268656717,0.74,0.5841745682907659,0,100,,,53.9446,28.5,55.75,76,83.5,97.5,117.51,54.2211,27.1,51.6,78.3,87.1,102.41,126.3,48.326,24.6,46.4,70.2,77.9,91.9,110.3,,,,,,,,27.04,29.66,26.79,,,,0.102615,0.0421538,0.0233846,0.3%,0.518769,2026-08-06T12:10:00,0.305538,11.73,7.40031,34.3566,0.758462,0.326462,0.147538
43746555,Steven Fisk,G,Golf,GOLF,,6900,0,53.92,,53.92,7.814492753623189,1.28,1.0644892649667275,0,100,,,53.924,28,49.75,77,86,102,120.5,54.1028,26.1,45.3,79.2,89.92,107.7,129.1,48.1514,23.4,38.8,71.4,80.4,96.6,113.3,,,,,,,,28.41,31.25,28.42,,,,0.145385,0.0663077,0.0306154,0.5%,0.505538,2026-08-06T07:23:00,0.305077,11.65,7.39277,33.9666,0.765385,0.334923,0.149385
43746582,A.J. Ewart,G,Golf,GOLF,,6600,0,53.44,,53.44,8.096969696969696,0.78,0.6276495769996645,0,100,,,53.4392,29,55,75.5,82.5,95.02,113.5,53.6208,27.1,50.7,77.9,86.3,100.5,121.5,47.7349,24.5,44.3,69.62,77.2,89.5,107.5,,,,,,,,26.44,28.96,26.21,,,,0.084,0.0353846,0.0149231,0.1%,0.517538,2026-08-06T14:00:00,0.297385,11.6714,7.44615,34.3142,0.776769,0.326,0.147077
43746536,Billy Horschel,G,Golf,GOLF,,7100,0,53.43,,53.43,7.525352112676056,0.88,0.699394975599075,0,100,,,53.4294,28.5,51,75.5,84,98.52,118.01,53.6202,26.7,47.25,77.7,87.9,104.7,125.8,47.7078,24,40.5,70.1,78.6,93.4,110.8,,,,,,,,27.48,30.21,27.39,,,,0.118615,0.0535385,0.028,0.3%,0.506923,2026-08-06T08:07:00,0.307231,11.5655,7.39723,34.0917,0.755692,0.336,0.146154
43746554,Thorbjorn Olesen,G,Golf,GOLF,,6900,0,53.38,,53.38,7.736231884057972,0.66,0.5034909640671047,0,100,,,53.3841,28.5,52.5,75.5,84,97.5,116.5,53.5674,26.8,48.35,78,87.7,102.91,124.3,47.6595,24,40.1,70.12,78.2,92,109.4,,,,,,,,27.17,29.79,27.04,,,,0.103231,0.0429231,0.0213846,0.3%,0.507077,2026-08-06T06:50:00,0.310769,11.588,7.38862,34.0682,0.771538,0.332923,0.146923
43746561,Seamus Power,G,Golf,GOLF,,6800,0,53.17,,53.17,7.819117647058824,1.01,0.8180932533671308,0,100,,,53.171,28,45.25,75.5,84,98,116.51,53.2597,26.4,45.35,78.1,87.7,103.51,124.9,47.4849,23.5,38.3,70.2,78.7,92.91,111.4,,,,,,,,27.42,30.05,27.3,,,,0.117538,0.048,0.0243077,0.3%,0.500923,2026-08-06T13:38:00,0.306923,11.5146,7.36662,33.9563,0.769077,0.316923,0.15
43746567,Adrien Dumont De Chassart,G,Golf,GOLF,,6800,0,53.09,,53.09,7.807352941176471,0.8,0.6303673691452191,0,100,,,53.0941,28.5,52.5,75,83,96.5,116,53.2208,26.7,47.7,77.3,86.5,102.2,123.8,47.3753,24,41.3,69.6,77.5,91.6,109,,,,,,,,26.87,29.47,26.77,,,,0.0950769,0.0410769,0.0210769,0.2%,0.506615,2026-08-06T13:49:00,0.308308,11.5142,7.39092,34.1271,0.768308,0.323385,0.148308
43746564,Aldrich Potgieter,G,Golf,GOLF,,6800,0,53.04,,53.04,7.8,1.4,1.1728758979070792,0,100,,,53.0377,28,39.5,76,86.5,103.5,123.01,53.1446,25.6,41.3,78.1,90.1,108.6,131.1,47.3459,23.3,35.4,70.3,81,97.7,114.7,,,,,,,,28.79,31.71,28.8,,,,0.153692,0.0752308,0.036,0.5%,0.488462,2026-08-06T07:34:00,0.310154,11.4023,7.352,33.6465,0.752154,0.320769,0.147077
43746566,Jesper Svensson,G,Golf,GOLF,,6800,0,52.91,,52.91,7.780882352941176,0.69,0.533141860231648,0,100,,,52.9101,28,41.75,75.5,84.5,99.5,118.5,52.99,26.2,43.15,77.83,88,104.91,126.5,47.2035,23.8,36.9,70.1,79,94.41,111.8,,,,,,,,27.7,30.35,27.62,,,,0.129077,0.0572308,0.0270769,0.3%,0.495385,2026-08-06T14:00:00,0.303846,11.4152,7.396,33.8488,0.747231,0.328,0.150769
43746579,Austin Smotherman,G,Golf,GOLF,,6600,0,51.93,,51.93,7.868181818181817,0.7,0.5445946258360217,0,100,,,51.9293,28,38.5,74.5,83.5,99,118.5,51.8947,25.7,39.6,76.4,86.7,104.6,125.4,46.2524,23.3,34.2,68.9,78,93.8,111.5,,,,,,,,27.48,30.11,27.48,,,,0.121538,0.0564615,0.0252308,0.2%,0.480769,2026-08-06T06:50:00,0.291385,11.2517,7.41954,33.4818,0.746923,0.322,0.140769
43746569,Patrick Fishburn,G,Golf,GOLF,,6700,0,51.52,,51.52,7.6895522388059705,0.65,0.49484769604331746,0,100,,,51.521,28,39,74,82.5,95,113.51,51.4195,26,41.05,75.52,85.3,100.3,121.4,45.7299,23.4,35,68.3,76.8,90.2,106.4,,,,,,,,26.61,29.05,26.47,,,,0.0941538,0.0393846,0.018,0.1%,0.484615,2026-08-06T14:11:00,0.291538,11.1955,7.43185,33.6342,0.762462,0.308769,0.135231
43746572,Hao-Tong Li,G,Golf,GOLF,,6700,0,51.51,,51.51,7.688059701492537,0.78,0.6170584874409278,0,100,,,51.5052,28,38.5,73.5,81.5,95,115.51,51.3924,25.9,40.55,75.7,84.9,100.1,122.5,45.711,23.3,34.7,68.2,76.3,89.7,109.4,,,,,,,,26.69,29.2,26.64,,,,0.0915385,0.0372308,0.0190769,0.3%,0.483385,2026-08-06T13:49:00,0.289538,11.2149,7.46631,33.5355,0.768308,0.318154,0.139385
43746580,Chandler Phillips,G,Golf,GOLF,,6600,0,51.32,,51.32,7.775757575757575,0.65,0.4935520192121967,0,100,,,51.3155,27.5,38,73.5,81.5,97,117,51.1742,25.6,39.4,75.1,84.82,102.2,124.6,45.5708,23.18,34.3,67.8,76.3,92.1,109.2,,,,,,,,26.95,29.53,26.92,,,,0.106154,0.0472308,0.0223077,0.3%,0.474308,2026-08-06T12:21:00,0.294462,11.1286,7.392,33.3648,0.769692,0.306615,0.142769
43746542,Austin Eckroat,G,Golf,GOLF,,7100,0,51.06,,51.06,7.191549295774648,0.7,0.5489614773643688,0,100,,,51.0573,28,38.5,73,80.5,94,113,50.968,26.1,39.9,75.1,84,99,120,45.4057,23.4,34.9,67.8,75.3,88.61,106.2,,,,,,,,26.12,28.64,26.06,,,,0.0795385,0.0318462,0.0147692,0.2%,0.479385,2026-08-06T06:50:00,0.281846,11.1282,7.39477,33.57,0.756923,0.302615,0.136769
43746560,Lucas Glover,G,Golf,GOLF,,6800,0,51.01,,51.01,7.501470588235294,0.52,0.38336581047905804,0,100,,,51.0145,27.5,37.5,73,81,96.5,116,50.792,25.58,38.85,74.62,84.3,100.9,122.71,45.1551,23.2,33.9,67.2,75.5,90.8,108.3,,,,,,,,26.61,29.1,26.48,,,,0.0906154,0.0418462,0.0209231,0.3%,0.474308,2026-08-06T13:05:00,0.287231,11.1208,7.46292,33.2922,0.788308,0.310615,0.133231
43746593,Patrick Rodgers,G,Golf,GOLF,,6400,0,50.88,,50.88,7.95,0.5,0.3653657861476315,0,100,,,50.8829,27.5,37,73.5,81.5,95,113.5,50.6197,25.7,38.6,74.93,84.4,99.8,120.4,45.0823,23.3,33.5,67.4,76.01,89.5,107.2,,,,,,,,26.48,28.91,26.38,,,,0.0876923,0.0358462,0.0181538,0.2%,0.472308,2026-08-06T12:32:00,0.285231,11.0597,7.37369,33.3854,0.775538,0.309538,0.132923
43746583,Matt Kuchar,G,Golf,GOLF,,6500,0,50.71,,50.71,7.8015384615384615,0.41,0.30119571067810086,0,100,,,50.7143,28,38,72.5,80,92,109.5,50.5162,26.1,39.8,74,82.9,96.31,114.8,44.9447,23.4,34.2,66.6,74.4,85.6,102.2,,,,,,,,25.44,27.71,25.21,,,,0.0561538,0.02,0.01,0.1%,0.479846,2026-08-06T13:16:00,0.296154,11.0983,7.49846,33.4809,0.768769,0.298615,0.122923
43746585,Joel Dahmen,G,Golf,GOLF,,6500,0,49.89,,49.89,7.6753846153846155,0.48,0.3604710222134641,0,100,,,49.8875,27.5,36,72.5,80,95,114,49.6334,25.2,37.5,73.7,83.3,99.6,121.3,44.0835,22.6,32.4,66.7,74.82,89.5,107.9,,,,,,,,26.36,28.9,26.38,,,,0.0810769,0.0347692,0.0149231,0.1%,0.455692,2026-08-06T13:38:00,0.286615,10.8748,7.44046,32.9014,0.771231,0.297077,0.135692
43746586,Takumi Kanaya,G,Golf,GOLF,,6500,0,49.57,,49.57,7.626153846153846,0.44,0.32398627890786275,0,100,,,49.5692,27.5,36,72,79.5,93,111.5,49.2656,25.3,37.1,72.9,82.51,97.8,118.5,43.7407,22.7,32.4,65.9,73.8,87.4,104.2,,,,,,,,25.82,28.24,25.73,,,,0.0670769,0.0276923,0.0153846,0.1%,0.454462,2026-08-06T06:50:00,0.272615,10.8694,7.42246,32.8769,0.791077,0.297846,0.126923
43746595,Vince Whaley,G,Golf,GOLF,,6400,0,49.49,,49.49,7.7328125000000005,0.52,0.3883617798020271,0,100,,,49.4893,27.5,36,71.5,79,92.5,110.51,49.2,25.4,37.4,72.8,82,97,119.5,43.723,22.8,32.5,65.5,73.3,86.61,105.5,,,,,,,,25.61,28.03,25.55,,,,0.0656923,0.0263077,0.0127692,0.2%,0.456,2026-08-06T12:21:00,0.268308,10.8243,7.35323,33.0512,0.788,0.277846,0.129538
43746575,Chandler Blanchet,G,Golf,GOLF,,6700,0,49.36,,49.36,7.367164179104478,0.57,0.43411266601326864,0,100,,,49.3575,27.5,36,72,79.5,93.02,110.5,49.0057,25.4,37.1,72.8,82,98.2,117.2,43.5232,22.8,32.4,65.6,73.82,87.8,103.6,,,,,,,,25.81,28.21,25.75,,,,0.072,0.0307692,0.0143077,0.1%,0.451692,2026-08-06T13:49:00,0.279385,10.7831,7.43831,32.8531,0.778,0.290615,0.119846
43746577,Mark Hubbard,G,Golf,GOLF,,6600,0,49.35,,49.35,7.4772727272727275,0.59,0.4499883018725376,0,100,,,49.3534,27.5,35.5,71.5,80,94,114.51,49.0289,25.2,36.2,72.6,82.9,98.6,123.2,43.5265,22.6,31.8,65.5,74.61,88.4,107.1,,,,,,,,26.29,28.8,26.29,,,,0.084,0.0355385,0.0178462,0.3%,0.448308,2026-08-06T13:27:00,0.272462,10.7757,7.40031,32.7809,0.780769,0.287385,0.120462
43746576,Tom Hoge,G,Golf,GOLF,,6700,0,49.29,,49.29,7.356716417910448,0.56,0.4298107729777395,0,100,,,49.291,27.5,35.5,71.5,79.5,93,110.51,48.9507,25.4,36.7,72.7,82.6,98.1,118.2,43.5157,22.6,31.9,65.4,74.4,88.31,105.5,,,,,,,,25.8,28.19,25.83,,,,0.0784615,0.0324615,0.0136923,0.2%,0.449231,2026-08-06T07:01:00,0.284154,10.7665,7.44723,32.7723,0.775538,0.276462,0.121538
43746581,Karl Vilips,G,Golf,GOLF,,6600,0,49.11,,49.11,7.4409090909090905,0.39,0.27563144609378926,0,100,,,49.1091,27,35,71,79.5,94,112,48.6671,24.9,36.35,72,82.3,98.3,118.4,43.2236,22.2,31.7,65.4,73.92,87.7,105.3,,,,,,,,26.02,28.4,25.98,,,,0.0716923,0.0275385,0.0149231,0.2%,0.448769,2026-08-06T13:16:00,0.275538,10.7368,7.47062,32.7688,0.770154,0.293077,0.115231
43746591,Chad Ramey,G,Golf,GOLF,,6400,0,48.81,,48.81,7.6265625,0.41,0.30012642173604137,0,100,,,48.8094,27,35,71.5,79.5,93,111.01,48.4336,24.8,36,72.2,82.11,98.4,118.6,43.0114,22.2,31.7,65.4,74,87.7,105.2,,,,,,,,26,28.48,25.97,,,,0.076,0.0318462,0.0149231,0.2%,0.438769,2026-08-06T12:32:00,0.261692,10.6795,7.37985,32.5722,0.775385,0.291692,0.124769
43746599,Trace Crowe,G,Golf,GOLF,,6300,0,48.75,,48.75,7.738095238095238,0.41,0.30118622736554385,0,100,,,48.7463,27,34.5,71,79,93,111.51,48.3179,24.7,35.6,72.2,81.9,98,119.4,42.9459,22.2,31.2,65.1,73.8,87.1,105.7,,,,,,,,25.92,28.36,25.9,,,,0.0696923,0.0293846,0.0144615,0.2%,0.440615,2026-08-06T14:22:00,0.279385,10.6194,7.39046,32.6643,0.784769,0.275231,0.129077
43746574,Neal Shipley,G,Golf,GOLF,,6700,0,48.74,,48.74,7.274626865671642,0.74,0.5785106403954614,0,100,,,48.742,27,34.5,71,79.5,93.5,112.51,48.351,24.7,35.4,71.9,82.8,98.91,120.4,42.9565,22.1,31.2,65.3,74.01,88.5,106.8,,,,,,,,26.2,28.75,26.29,,,,0.0870769,0.0346154,0.0153846,0.3%,0.438154,2026-08-06T13:49:00,0.268462,10.6352,7.38892,32.5809,0.774615,0.281692,0.121077
43746602,Erik Van Rooyen,G,Golf,GOLF,,6300,0,48.73,,48.73,7.734920634920634,0.41,0.29815204801186423,0,100,,,48.7309,27,35.5,71,78.5,90.5,108.5,48.228,25,36.4,71.7,81.2,95.5,114.1,42.8716,22.2,31.8,64.9,73.2,85.4,102.2,,,,,,,,25.42,27.72,25.36,,,,0.0612308,0.0227692,0.0113846,0.1%,0.449077,2026-08-06T07:01:00,0.263538,10.6474,7.45892,32.8931,0.783385,0.287538,0.126615
43746587,Brandt Snedeker,G,Golf,GOLF,,6500,0,48.61,,48.61,7.478461538461538,0.32,0.22389270990352172,0,100,,,48.6085,27.5,35.5,71,78.5,90,106.5,48.1832,25.3,36.1,71.7,81,94.41,112.4,42.7778,22.7,31.8,64.9,72.61,84.3,100.4,,,,,,,,24.96,27.25,24.88,,,,0.0472308,0.0170769,0.00815385,0.1%,0.442769,2026-08-06T12:43:00,0.272462,10.6662,7.38231,32.6906,0.796923,0.282923,0.120615
43746589,David Lipsky,G,Golf,GOLF,,6500,0,48.6,,48.6,7.476923076923077,0.34,0.2480715850311771,0,100,,,48.5962,27.5,35,71,78.5,91.5,108.5,48.2372,25.4,36,71.5,81.3,96.2,115.6,42.8482,22.7,31.7,64.83,72.6,85.7,103.2,,,,,,,,25.21,27.6,25.15,,,,0.0607692,0.022,0.01,0.1%,0.439385,2026-08-06T08:29:00,0.273077,10.6428,7.36477,32.6257,0.775385,0.281077,0.122
43746594,Adrien Saddier,G,Golf,GOLF,,6400,0,48.48,,48.48,7.574999999999999,0.36,0.2613949473793859,0,100,,,48.4845,27,35,71,78.5,91,108.5,48.0034,24.8,35.9,71.5,81.4,95.5,114.4,42.6773,22.2,31.2,64.8,72.8,85.8,103,,,,,,,,25.3,27.62,25.29,,,,0.0601538,0.0230769,0.00969231,0.2%,0.440462,2026-08-06T14:00:00,0.268769,10.5985,7.38492,32.6902,0.785077,0.282462,0.124462
43746592,Matthieu Pavon,G,Golf,GOLF,,6400,0,47.98,,47.98,7.496874999999999,0.36,0.25853418144821017,0,100,,,47.9806,26.5,34,70,78.5,94.5,112.5,47.4178,24.3,35,70.5,81.3,98.91,119.2,42.0836,21.6,31.1,63.62,73.2,88.6,105.2,,,,,,,,26.02,28.49,26.01,,,,0.0850769,0.0367692,0.0178462,0.2%,0.424923,2026-08-06T12:32:00,0.265846,10.4543,7.39354,32.272,0.783846,0.283077,0.121385
43746601,Davis Chatfield,G,Golf,GOLF,,6300,0,47.69,,47.69,7.56984126984127,0.37,0.2675154852817642,0,100,,,47.6926,27,34.5,70,77.5,90,106,47.1926,24.8,35,70.8,80.3,94.7,112.4,41.8932,22.2,30.6,64,72,84.6,99.1,,,,,,,,25.03,27.29,24.92,,,,0.0556923,0.0206154,0.0104615,0.1%,0.426,2026-08-06T08:29:00,0.263846,10.4555,7.40338,32.3218,0.762154,0.277846,0.102615
43746558,Luke Clanton,G,Golf,GOLF,,6900,0,47.19,,47.19,6.839130434782608,0.32,0.22133711226727937,0,100,,,47.1875,26.5,33.5,69.5,77,91.5,112.01,46.5195,24.1,34.35,69.6,79.8,96.2,119,41.2863,21.5,30.2,62.9,72,85.6,105.2,,,,,,,,25.43,27.82,25.43,,,,0.0626154,0.0276923,0.0143077,0.1%,0.418769,2026-08-06T08:40:00,0.272308,10.3074,7.44354,32.136,0.794462,0.27,0.109846
43746578,Webb Simpson,G,Golf,GOLF,,6600,0,47.16,,47.16,7.1454545454545455,0.34,0.2391337582006118,0,100,,,47.164,27,34,69,77.5,90,106.5,46.5112,24.4,34.7,70,79.6,94.3,113.3,41.3073,22,30.5,63,71.9,84.7,101,,,,,,,,24.97,27.24,25.01,,,,0.0558462,0.0206154,0.00907692,0.1%,0.422308,2026-08-06T07:34:00,0.265077,10.3209,7.43123,32.2694,0.784769,0.263077,0.113692
43746596,Lanto Griffin,G,Golf,GOLF,,6400,0,47.02,,47.02,7.346875,0.3,0.21340290198842793,0,100,,,47.0235,26.5,33.75,69,77,90,107.51,46.4394,24.08,34.5,69.5,79.6,94.3,113.9,41.1834,21.5,30.5,63,71.5,84.7,101.2,,,,,,,,24.93,27.25,24.98,,,,0.056,0.0210769,0.0110769,0.1%,0.418308,2026-08-06T08:18:00,0.255846,10.2998,7.37138,32.2106,0.789077,0.262923,0.117385
43746604,Hank Lebioda,G,Golf,GOLF,,6300,0,46.89,,46.89,7.442857142857142,0.32,0.22531672834112218,0,100,,,46.8885,26.5,33.5,69,77,89.5,106.5,46.2513,24.1,34.3,69.8,79.3,94.2,113.4,41.0466,21.6,30,63,71.4,83.6,101.81,,,,,,,,24.81,27.17,24.84,,,,0.0523077,0.0212308,0.01,0.1%,0.416769,2026-08-06T07:01:00,0.270154,10.2471,7.41938,32.16,0.782154,0.259077,0.107846
43746606,Dylan Wu,G,Golf,GOLF,,6200,0,46.39,,46.39,7.482258064516129,0.21,0.13989332280486047,0,100,,,46.3898,26.5,33.5,68.5,77,89.52,106.5,45.7176,23.8,33.9,69,79.1,94.1,113.9,40.5734,21.5,29.9,62.3,71.3,84,101,,,,,,,,24.87,27.12,24.88,,,,0.0558462,0.0192308,0.00738462,0.1%,0.408154,2026-08-06T12:10:00,0.256154,10.1677,7.42908,31.9446,0.769385,0.250769,0.105538
43746605,Pontus Nyholm,G,Golf,GOLF,,6300,0,46.24,,46.24,7.33968253968254,0.22,0.14924419345122092,0,100,,,46.2402,26,33,68,77,91.5,111.01,45.5376,23.5,33.5,68.1,79.6,95.81,116.9,40.3882,20.97,29.4,61.62,71.4,86,104.6,,,,,,,,25.32,27.69,25.36,,,,0.0652308,0.0269231,0.0121538,0.1%,0.4,2026-08-06T08:51:00,0.254769,10.1105,7.37646,31.7549,0.779385,0.264308,0.109077
43746584,Aaron Wise,G,Golf,GOLF,,6500,0,46.01,,46.01,7.0784615384615375,0.32,0.22320770156847286,0,100,,,46.0069,26.5,33,68,76,89.5,106.01,45.2112,23.8,33.5,67.8,78.3,93.3,111.8,40.0694,21.1,29.4,61.6,70.2,83.6,101.3,,,,,,,,24.62,26.91,24.69,,,,0.0506154,0.0189231,0.00676923,0.0%,0.402923,2026-08-06T08:07:00,0.256769,10.0923,7.42077,31.802,0.803538,0.259231,0.110308
43746611,Kevin Streelman,G,Golf,GOLF,,6200,0,45.09,,45.09,7.27258064516129,0.32,0.22142502555324323,0,100,,,45.0862,26,32.5,67,75.5,89,107.01,44.2862,23.5,32.7,66.6,77.7,92.81,113.5,39.2122,20.8,28.8,60.5,69.7,83.6,101.5,,,,,,,,24.51,26.78,24.52,,,,0.0513846,0.0229231,0.00846154,0.1%,0.381385,2026-08-06T07:45:00,0.249692,9.90862,7.39892,31.2618,0.778615,0.247231,0.102
43746607,John VanDerLaan,G,Golf,GOLF,,6200,0,45.02,,45.02,7.2612903225806456,0.26,0.17433994463102667,0,100,,,45.0163,26,32,66.5,75.5,89.5,107.5,44.1424,23.3,32.4,66.5,77.5,93.1,113.8,39.1221,20.8,28.8,60.1,69.7,83.4,101.7,,,,,,,,24.58,26.88,24.65,,,,0.0566154,0.0236923,0.00969231,0.1%,0.382154,2026-08-06T08:40:00,0.255692,9.84892,7.41123,31.3337,0.782615,0.240923,0.101385
43746598,Adam Svensson,G,Golf,GOLF,,6400,0,44.97,,44.97,7.0265625,0.29,0.20253499337392272,0,100,,,44.9664,26,32.5,66.5,75,88,105,44.0562,23.5,32.6,66,76.8,92.4,110.1,38.9737,20.9,28.8,59.9,69.3,83,98.6,,,,,,,,24.18,26.44,24.31,,,,0.0450769,0.018,0.00753846,0.0%,0.387846,2026-08-06T07:12:00,0.238923,9.90077,7.42092,31.4645,0.806,0.242615,0.0998462
43746603,Nick Dunlap,G,Golf,GOLF,,6300,0,44.7,,44.7,7.095238095238096,0.22,0.14608922807899932,0,100,,,44.7003,25.5,32,66,75.07,89.5,106,43.8631,22.9,32.4,65.9,77.5,94.2,113.9,38.7652,20.4,28.8,59.82,69.7,84.2,101.7,,,,,,,,24.63,27.06,24.78,,,,0.0601538,0.0255385,0.00984615,0.1%,0.375385,2026-08-06T13:27:00,0.242462,9.80785,7.37077,31.1723,0.790308,0.241385,0.0983077
43746614,Stefano Mazzoli,G,Golf,GOLF,,6100,0,44.62,,44.62,7.314754098360655,0.14,0.09307232269457867,0,100,,,44.6224,26,32.5,66.5,74.5,87.5,105,43.7489,23.1,32.45,66.1,76.61,91.5,109.6,38.6682,20.4,28.8,59.9,68.9,81.7,98.7,,,,,,,,24.03,26.28,24.08,,,,0.0423077,0.0146154,0.00661538,0.0%,0.378462,2026-08-06T07:56:00,0.251846,9.82031,7.43923,31.1877,0.792923,0.246154,0.0972308
43746597,Justin Lower,G,Golf,GOLF,,6400,0,44.45,,44.45,6.9453125,0.2,0.1351864321248421,0,100,,,44.4489,26,32.5,66,73.5,87.5,105,43.5235,23.5,32.4,65.4,75.5,91.4,111.2,38.4592,20.8,28.8,59.2,67.9,81.2,99.3,,,,,,,,23.86,25.99,23.81,,,,0.0403077,0.0170769,0.00784615,0.1%,0.375385,2026-08-06T08:18:00,0.246769,9.76677,7.36969,31.1934,0.795077,0.247692,0.0921538
43746613,Brice Garnett,G,Golf,GOLF,,6100,0,43.96,,43.96,7.20655737704918,0.27,0.18692586783762755,0,100,,,43.9585,25.5,32,65,73.5,87.5,104.51,42.8735,22.9,31.9,64,75.8,91.1,110.1,37.9441,20.3,28.2,58.1,68.3,82.2,99,,,,,,,,23.96,26.13,24.09,,,,0.0447692,0.0189231,0.00646154,0.1%,0.369385,2026-08-06T08:29:00,0.248615,9.634,7.36938,31.0983,0.817692,0.233385,0.0936923
43746609,Gordon Sargent,G,Golf,GOLF,,6200,0,43.22,,43.22,6.970967741935484,0.11,0.07171404209850825,0,100,,,43.2232,25.5,31.5,64.5,73,87.5,104.01,42.1353,22.7,31.1,63.1,75.1,91.5,108.2,37.2444,19.8,27.5,57.5,67.7,82.4,97.8,,,,,,,,23.88,26.05,23.97,,,,0.0441538,0.0176923,0.00692308,0.1%,0.352923,2026-08-06T08:40:00,0.235538,9.48108,7.344,30.7191,0.793231,0.228462,0.0955385
43746608,Joe Highsmith,G,Golf,GOLF,,6200,0,42.91,,42.91,6.920967741935484,0.24,0.1620470309420158,0,100,,,42.9142,25,31,64,73.07,87.5,104,41.8474,22.4,30.7,62.6,75.3,92,111.5,36.9644,19.7,27.1,56.9,67.82,82.4,99.9,,,,,,,,23.89,26.21,24.19,,,,0.0535385,0.0207692,0.00769231,0.1%,0.347692,2026-08-06T07:34:00,0.236615,9.41292,7.372,30.5748,0.785846,0.218462,0.0943077
43746571,Davis Riley,G,Golf,GOLF,,6700,0,42.83,,42.83,6.392537313432835,0.19,0.1301041829009035,0,100,,,42.8335,25.5,31.5,64,73,86.5,102,41.7427,22.5,31.2,62.5,74.3,90,107.4,36.9042,19.8,27.85,57,67.6,80.5,96.4,,,,,,,,23.42,25.55,23.51,,,,0.0390769,0.0133846,0.00630769,0.0%,0.349538,2026-08-06T12:54:00,0.227846,9.42877,7.40815,30.6203,0.766462,0.225077,0.0884615
43746612,Jeffrey Kang,G,Golf,GOLF,,6200,0,42.56,,42.56,6.864516129032258,0.18,0.12019483169537223,0,100,,,42.5575,25.5,31.5,63,72,86,103,41.4427,22.5,31.2,61.5,73.51,89.6,108.8,36.5457,19.7,27.6,55.1,66.5,80.91,97.6,,,,,,,,23.23,25.42,23.41,,,,0.0413846,0.0167692,0.00769231,0.0%,0.343846,2026-08-06T14:11:00,0.230462,9.35662,7.38692,30.4805,0.798308,0.223538,0.0895385
43746590,Kihei Akina,G,Golf,GOLF,,6500,0,41.3,,41.3,6.3538461538461535,0.1,0.06360254035887333,0,100,,,41.2951,24.5,30.5,61,71.5,86.02,103,39.9172,21.7,29.6,58.8,71.8,90.3,110.4,35.1513,18.7,26.4,52.9,65.11,81.1,99,,,,,,,,23.24,25.44,23.51,,,,0.0472308,0.0190769,0.00769231,0.1%,0.318154,2026-08-06T14:11:00,0.226615,9.04939,7.34985,29.8938,0.806615,0.222769,0.0852308
43746610,Brian Campbell,G,Golf,GOLF,,6200,0,41.27,,41.27,6.6564516129032265,0.16,0.10539495672403534,0,100,,,41.2742,25,30.5,61,70.5,84.02,101,40.0075,22.3,30,58.3,71.3,87.5,106.7,35.2861,19.6,26.95,52.7,64.7,78.6,96.4,,,,,,,,22.6,24.67,22.7,,,,0.0329231,0.0127692,0.00584615,0.1%,0.322308,2026-08-06T07:45:00,0.220923,9.09354,7.37015,30.0032,0.779385,0.209077,0.0823077
43746617,Adam Schenk,G,Golf,GOLF,,6100,0,41.26,,41.26,6.763934426229508,0.04,0.021319376481170063,0,100,,,41.2591,24.5,30.5,61,71.5,84.5,102.5,39.9117,21.7,29.7,58.6,72.1,88.31,107.1,35.126,18.6,26.4,52.8,65.4,79.9,97.4,,,,,,,,22.95,25.06,23.21,,,,0.0366154,0.0146154,0.00538462,0.0%,0.323385,2026-08-06T07:23:00,0.226,9.06446,7.34523,30.0575,0.809077,0.211692,0.0810769
43746616,Kensei Hirata,G,Golf,GOLF,,6100,0,40.85,,40.85,6.69672131147541,0.14,0.08607683866363522,0,100,,,40.8476,24.5,30.5,61,70,84,102.5,39.4537,21.5,29.7,58.2,70.3,87.6,108.5,34.663,19,26.4,52.1,63.6,78.1,97.9,,,,,,,,22.58,24.67,22.76,,,,0.0338462,0.0143077,0.00630769,0.0%,0.318462,2026-08-06T14:22:00,0.218,9.01615,7.41662,29.8623,0.822769,0.208,0.0812308
43746615,Peter Malnati,G,Golf,GOLF,,6100,0,40.8,,40.8,6.688524590163934,0.06,0.03127475503903778,0,100,,,40.8031,24.5,30.5,60.5,70,83,99.01,39.4032,21.6,29.7,58.2,70.7,86.1,103.5,34.7154,19,26.4,52.6,64,77.4,92.7,,,,,,,,22.3,24.28,22.47,,,,0.0241538,0.00861538,0.00353846,0.1%,0.318923,2026-08-06T13:38:00,0.221846,8.99554,7.38277,29.9431,0.800308,0.202154,0.0770769
43746618,Cameron Davis,G,Golf,GOLF,,6100,0,40.28,,40.28,6.603278688524591,0.15,0.09752334025161005,0,100,,,40.2845,24.5,29.5,59,69.5,86.5,105.5,38.9137,21.2,28.7,56.2,70.6,91.4,111.3,34.1189,18.4,25.7,50.23,63.9,81.6,100,,,,,,,,23.15,25.45,23.53,,,,0.0530769,0.0213846,0.00938462,0.1%,0.302615,2026-08-06T07:56:00,0.215692,8.83862,7.34262,29.5546,0.803231,0.196769,0.082
43746626,Cooper Hrabak,G,Golf,GOLF,,6000,0,40.1,,40.1,6.683333333333334,0.13,0.08104730948554874,0,100,,,40.0983,24,30,59.5,70,84.5,101.01,38.5647,21,28.8,56.4,70.2,87.6,106.3,33.895,18,25.7,50.48,63.6,78.8,97,,,,,,,,22.65,24.79,23.01,,,,0.038,0.0161538,0.00615385,0.0%,0.302769,2026-08-06T14:22:00,0.219846,8.82369,7.39677,29.5128,0.816923,0.201538,0.0773846
43746620,Alejandro Tosti,G,Golf,GOLF,,6000,0,39.33,,39.33,6.555,0.16,0.10434057624082749,0,100,,,39.326,24,29.5,57,68.5,84.5,104.5,37.754,20.6,28.1,53,69.2,87.91,112.5,33.0757,17.8,25.2,46.7,62.5,79.7,99.9,,,,,,,,22.75,24.98,23.14,,,,0.0458462,0.02,0.00953846,0.0%,0.286615,2026-08-06T14:11:00,0.214,8.60585,7.35385,29.2031,0.808462,0.200615,0.0823077
43746622,Marcelo Rozo,G,Golf,GOLF,,6000,0,38.9,,38.9,6.483333333333333,0.07,0.042666462408318936,0,100,,,38.9018,24.5,29.5,56,67.5,82,98.5,37.3092,21.1,28.2,51.62,67.82,86,103.8,32.7232,18,25.2,45.6,61.6,76.8,93.8,,,,,,,,21.67,23.73,22.05,,,,0.0266154,0.0106154,0.00261538,0.0%,0.281692,2026-08-06T08:29:00,0.207077,8.58615,7.33169,29.0694,0.819692,0.189692,0.0750769
43746619,Danny Walker,G,Golf,GOLF,,6100,0,38.85,,38.85,6.368852459016394,0.05,0.028590593876316576,0,100,,,38.8478,24,29.5,55.5,67.5,82,98.51,37.2498,21.1,28.4,51.1,67.4,84.9,103.6,32.7938,18,25.2,45.5,61.1,76.8,93.3,,,,,,,,21.6,23.61,22,,,,0.0307692,0.0112308,0.004,0.0%,0.281077,2026-08-06T12:21:00,0.211385,8.56446,7.372,29.0568,0.789692,0.177692,0.0716923
43746621,Christo Lamprecht,G,Golf,GOLF,,6000,0,37.87,,37.87,6.311666666666666,0.07,0.04656847121314147,0,100,,,37.8728,24,29,53,65.5,79,96.5,36.0736,20.77,27.7,47.6,64.6,82.1,101.5,31.584,17.9,24.85,42,58.9,74.4,90.7,,,,,,,,20.81,22.73,21.17,,,,0.0190769,0.00615385,0.00292308,0.0%,0.269846,2026-08-06T13:49:00,0.198308,8.36323,7.34846,28.844,0.831231,0.179846,0.0689231
43746624,Rafael Campos,G,Golf,GOLF,,6000,0,37.48,,37.48,6.246666666666666,0.08,0.05237727849787788,0,100,,,37.482,23.5,29,52,65.5,79,96,35.616,20.2,27.2,46.6,64.51,81.4,100,31.1095,17.2,24.6,39.62,58.11,73.7,89.7,,,,,,,,20.75,22.59,21.03,,,,0.022,0.00676923,0.00353846,0.0%,0.264462,2026-08-06T12:32:00,0.195846,8.30662,7.43338,28.6226,0.831385,0.174615,0.0592308
43746623,Patton Kizzire,G,Golf,GOLF,,6000,0,37.14,,37.14,6.19,0.06,0.03575010590523294,0,100,,,37.1369,23.5,29,51,65,78,94,35.2673,20,27.2,45.4,64.1,81.3,98.9,30.8243,17.2,24.5,39.3,58.2,73.2,88.2,,,,,,,,20.44,22.3,20.89,,,,0.0181538,0.00584615,0.002,0.0%,0.259846,2026-08-06T13:27:00,0.199077,8.18092,7.36938,28.6491,0.816154,0.170154,0.064
43746625,Tyler Collet,G,Golf,GOLF,,6000,0,36.68,,36.68,6.113333333333333,0.07,0.04185506647726814,0,100,,,36.6832,23,28.5,42,64.5,79,95.5,34.8007,19.7,26.8,42.2,63.7,81.6,100.91,30.2782,16.7,23.9,36,57.5,73.8,90.2,,,,,,,,20.52,22.49,21,,,,0.0215385,0.00676923,0.00215385,0.0%,0.247538,2026-08-06T08:51:00,0.193846,8.11492,7.39015,28.2469,0.827846,0.171538,0.062
43746600,C.T. Pan,G,Golf,GOLF,,6300,0,35.1,,35.1,5.571428571428572,0.13,0.08776232305742772,0,100,,,35.1014,23,28,36,61.5,76.52,93.01,33.0264,19.2,25.7,37.3,58.92,79.6,97,28.5871,16.1,23.3,32.5,53.3,71.4,88.9,,,,,,,,19.51,21.38,20.02,,,,0.0175385,0.00615385,0.00246154,0.0%,0.219077,2026-08-06T13:27:00,0.178154,7.78308,7.34954,27.5988,0.839385,0.158308,0.0552308
43746488,Patrick Cantlay,G,Golf,GOLF,OUT,10000,0,0,,0,0,13.19,13.19,0,100,,,0,0,0,0,0,0,0,0,0,0,0,0,0,0,69.0387,0,0,0,0,0,0,,,,,,,,31.75,35.14,31.4,,,,0.386,0.230769,0.142462,3.3%,0.742769,,0.459538,15.534,7.18138,38.7369,0.710154,0.585846,0.301077
43755539,Keenan Huskey,G,Golf,GOLF,,6000,0,0,,0,0,0,0,0,100,,,,,,,,,,,,,,,,,,,,,,,,,,,,,,,,,,,,,,,,0.0%,,2026-08-06T08:40:00,,,,,,,
43755543,Ben Silverman,G,Golf,GOLF,,6300,0,0,,0,0,0,0,0,100,,,,,,,,,,,,,,,,,,,,,,,,,,,,,,,,,,,,,,,,0.0%,,2026-08-06T08:18:00,,,,,,,
43755546,Camilo Villegas,G,Golf,GOLF,,6100,0,0,,0,0,0,0,0,100,,,,,,,,,,,,,,,,,,,,,,,,,,,,,,,,,,,,,,,,0.0%,,2026-08-06T07:12:00,,,,,,,
43746588,Garrick Higgo,G,Golf,GOLF,OUT,6500,0,0,,0,0,0.56,0.5599999999999999,0,100,,,0,0,0,0,0,0,0,0,0,0,0,0,0,0,42.3912,0,0,0,0,0,0,,,,,,,,26.16,28.68,26.26,,,,0.0832308,0.034,0.0143077,0.2%,0.430769,,0.272462,10.5572,7.39985,32.346,0.805538,0.275692,0.119077
43746557,Taylor Moore,G,Golf,GOLF,OUT,6900,0,0,,0,0,1.5,1.505,0,100,,,0,0,0,0,0,0,0,0,0,0,0,0,0,0,48.8313,0,0,0,0,0,0,,,,,,,,28.51,31.32,28.38,,,,0.142769,0.0707692,0.0356923,0.4%,0.517077,,0.321846,11.7409,7.41092,34.2669,0.756308,0.351231,0.151231
43746544,Daniel Berger,G,Golf,GOLF,OUT,7000,0,0,,0,0,9.5,9.5,0,100,,,0,0,0,0,0,0,0,0,0,0,0,0,0,0,57.4754,0,0,0,0,0,0,,,,,,,,30.67,33.88,30.57,,,,0.255538,0.145846,0.0749231,1.2%,0.618923,,0.372923,13.3268,7.34908,36.4055,0.710615,0.447077,0.226
43763533,David Skinns,G,Golf,GOLF,,6500,0,0,,0,0,0,0,0,100,,,,,,,,,,,,,,,,,,,,,,,,,,,,,,,,,,,,,,,,0.0%,,2026-08-06T13:16:00,,,,,,,
43755542,Lorenzo Rodriguez,G,Golf,GOLF,,6000,0,0,,0,0,0,0,0,100,,,,,,,,,,,,,,,,,,,,,,,,,,,,,,,,,,,,,,,,0.0%,,2026-08-06T14:11:00,,,,,,,
43755540,Luke List,G,Golf,GOLF,,6200,0,0,,0,0,0,0,0,100,,,,,,,,,,,,,,,,,,,,,,,,,,,,,,,,,,,,,,,,0.0%,,2026-08-06T07:01:00,,,,,,,
43755544,Hayden Springer,G,Golf,GOLF,,6200,0,0,,0,0,0,0,0,100,,,,,,,,,,,,,,,,,,,,,,,,,,,,,,,,,,,,,,,,0.0%,,2026-08-06T08:51:00,,,,,,,
43755541,William McGirt,G,Golf,GOLF,,6000,0,0,,0,0,0,0,0,100,,,,,,,,,,,,,,,,,,,,,,,,,,,,,,,,,,,,,,,,0.0%,,2026-08-06T12:10:00,,,,,,,
43755545,Jimmy Stanger,G,Golf,GOLF,,6100,0,0,,0,0,0,0,0,100,,,,,,,,,,,,,,,,,,,,,,,,,,,,,,,,,,,,,,,,0.0%,,2026-08-06T14:11:00,,,,,,,